,inter_event_col_dist,inter_event_time(min),folder_name,species,rel_exp_idx,greater_distance
1,3.4106977707226065,2.0,alclat2_stem,alclat,1,False
2,13.40647022712892,67.0,alclat2_stem,alclat,1,False
3,46.53542039686823,49.0,alclat2_stem,alclat,1,False
4,14.353293040839446,16.0,alclat2_stem,alclat,1,False
5,145.0506466401945,63.0,alclat2_stem,alclat,1,True
6,130.90741488020234,55.0,alclat2_stem,alclat,1,True
7,94.26065383672051,82.0,alclat2_stem,alclat,1,False
8,65.24888949286401,21.0,alclat2_stem,alclat,1,False
9,3.3060238181317345,44.0,alclat2_stem,alclat,1,False
10,49.365777843461274,21.0,alclat2_stem,alclat,1,False
11,68.33199512841418,4.0,alclat2_stem,alclat,1,False
12,4.222806121471194,8.0,alclat2_stem,alclat,1,False
13,15.304480083009423,3.0,alclat2_stem,alclat,1,False
14,24.745653312815932,23.0,alclat2_stem,alclat,1,False
15,13.254320027970778,2.0,alclat2_stem,alclat,1,False
16,10.012403760146753,6.0,alclat2_stem,alclat,1,False
17,33.12732347893183,19.0,alclat2_stem,alclat,1,False
18,11.70351395512273,2.0,alclat2_stem,alclat,1,False
19,3.8250253292821412,17.0,alclat2_stem,alclat,1,False
20,14.17542109928985,6.0,alclat2_stem,alclat,1,False
21,3.00520833333303,2.0,alclat2_stem,alclat,1,False
22,90.36294156178019,2.0,alclat2_stem,alclat,1,False
23,93.13095957979903,13.0,alclat2_stem,alclat,1,False
24,3.7653153153144103,2.0,alclat2_stem,alclat,1,False
25,6.179166666666276,8.0,alclat2_stem,alclat,1,False
26,90.19097029231312,42.0,alclat2_stem,alclat,1,False
27,15.678933055137293,7.0,alclat2_stem,alclat,1,False
28,28.441341947417442,2.0,alclat2_stem,alclat,1,False
29,15.330513647709836,15.0,alclat2_stem,alclat,1,False
30,15.076791670812469,4.0,alclat2_stem,alclat,1,False
31,1.8273950325257147,4.0,alclat2_stem,alclat,1,False
32,4.275955056180862,2.0,alclat2_stem,alclat,1,False
33,2.093435114504132,11.0,alclat2_stem,alclat,1,False
34,23.178325176065783,10.0,alclat2_stem,alclat,1,False
35,12.568247861637104,2.0,alclat2_stem,alclat,1,False
36,10.669247397901586,2.0,alclat2_stem,alclat,1,False
37,250.40710076825275,84.0,alclat2_stem,alclat,1,True
38,34.144365898090655,34.0,alclat2_stem,alclat,1,False
39,15.6195984570399,2.0,alclat2_stem,alclat,1,False
40,133.59087587931543,2.0,alclat2_stem,alclat,1,True
41,39.511467009574346,11.0,alclat2_stem,alclat,1,False
42,24.169133759099964,25.0,alclat2_stem,alclat,1,False
43,32.5385747707295,2.0,alclat2_stem,alclat,1,False
44,41.25018775453066,2.0,alclat2_stem,alclat,1,False
45,23.258533281042617,2.0,alclat2_stem,alclat,1,False
46,4.037054212423357,2.0,alclat2_stem,alclat,1,False
47,17.03108998928542,2.0,alclat2_stem,alclat,1,False
48,21.988955051864252,9.0,alclat2_stem,alclat,1,False
49,58.77217855137346,12.0,alclat2_stem,alclat,1,False
50,84.22561588737963,21.0,alclat2_stem,alclat,1,False
51,18.940953989103832,53.0,alclat2_stem,alclat,1,False
52,50.057038103908155,8.0,alclat2_stem,alclat,1,False
53,176.7486413043473,6.0,alclat2_stem,alclat,1,True
54,4.245535714285211,9.0,alclat2_stem,alclat,1,False
55,3.2559446145641004,4.0,alclat2_stem,alclat,1,False
56,38.97435120797087,13.0,alclat2_stem,alclat,1,False
57,41.11736438531261,16.0,alclat2_stem,alclat,1,False
58,140.62467207762063,11.0,alclat2_stem,alclat,1,True
59,106.52197678853236,23.0,alclat2_stem,alclat,1,True
60,47.15470732868488,4.0,alclat2_stem,alclat,1,False
61,16.488066003410722,4.0,alclat2_stem,alclat,1,False
62,11.921508302765687,3.0,alclat2_stem,alclat,1,False
63,5.0628447744816185,2.0,alclat2_stem,alclat,1,False
64,3.7342260781007326,12.0,alclat2_stem,alclat,1,False
65,81.54909564510592,2.0,alclat2_stem,alclat,1,False
66,157.904907932348,5.0,alclat2_stem,alclat,1,True
67,0.01723739810739744,2.0,alclat2_stem,alclat,1,False
68,0.34644921207626567,23.0,alclat2_stem,alclat,1,False
69,22.076547952052522,44.0,alclat2_stem,alclat,1,False
70,65.8463786213797,6.0,alclat2_stem,alclat,1,False
71,90.04651598401398,78.0,alclat2_stem,alclat,1,False
72,12.632338056681874,32.0,alclat2_stem,alclat,1,False
73,114.61855829272963,2.0,alclat2_stem,alclat,1,True
74,5.511843355845713,10.0,alclat2_stem,alclat,1,False
75,2.3082862639670907,25.0,alclat2_stem,alclat,1,False
76,41.45848150781984,9.0,alclat2_stem,alclat,1,False
77,69.07413127413201,57.0,alclat2_stem,alclat,1,False
78,0.4968891952337344,2.0,alclat2_stem,alclat,1,False
79,53.230479928823,206.0,alclat2_stem,alclat,1,False
1,83.98599117136902,62.0,alclat4_stem,alclat,2,False
2,23.496654576381104,23.0,alclat4_stem,alclat,2,False
3,33.24870857367608,111.0,alclat4_stem,alclat,2,False
4,0.19581337044212432,101.0,alclat4_stem,alclat,2,False
5,44.81016399808382,90.0,alclat4_stem,alclat,2,False
6,17.894644723683825,6.0,alclat4_stem,alclat,2,False
7,2.063320835964447,9.0,alclat4_stem,alclat,2,False
8,24.493341550144237,10.0,alclat4_stem,alclat,2,False
9,7.139682594962807,4.0,alclat4_stem,alclat,2,False
10,22.894392937789178,57.0,alclat4_stem,alclat,2,False
11,55.392873041626814,46.0,alclat4_stem,alclat,2,False
12,5.851369786834482,19.0,alclat4_stem,alclat,2,False
13,4.655443223438567,32.0,alclat4_stem,alclat,2,False
14,1.8070707728412003,10.0,alclat4_stem,alclat,2,False
15,21.818645486543204,44.0,alclat4_stem,alclat,2,False
16,68.95109380910753,27.0,alclat4_stem,alclat,2,False
17,10.83122252010449,28.0,alclat4_stem,alclat,2,False
18,60.581753520272144,6.0,alclat4_stem,alclat,2,False
19,46.9582109186172,13.0,alclat4_stem,alclat,2,False
20,37.62562574366217,27.0,alclat4_stem,alclat,2,False
21,65.74827071272313,27.0,alclat4_stem,alclat,2,False
22,19.506447300514537,34.0,alclat4_stem,alclat,2,False
23,105.65745832480499,14.0,alclat4_stem,alclat,2,True
24,14.377510824160908,7.0,alclat4_stem,alclat,2,False
25,7.103614350757908,27.0,alclat4_stem,alclat,2,False
26,73.36892945562354,92.0,alclat4_stem,alclat,2,False
27,107.81280044564275,5.0,alclat4_stem,alclat,2,True
28,25.387165243775428,4.0,alclat4_stem,alclat,2,False
29,95.82359647107498,38.0,alclat4_stem,alclat,2,False
30,53.47006534190075,31.0,alclat4_stem,alclat,2,False
31,76.28526616147786,17.0,alclat4_stem,alclat,2,False
32,8.62345882055152,4.0,alclat4_stem,alclat,2,False
33,3.066632640678421,6.0,alclat4_stem,alclat,2,False
34,5.001873054873187,3.0,alclat4_stem,alclat,2,False
35,149.80866641633642,18.0,alclat4_stem,alclat,2,True
36,5.379312965107545,5.0,alclat4_stem,alclat,2,False
37,38.161312295593774,23.0,alclat4_stem,alclat,2,False
38,10.619323270921058,4.0,alclat4_stem,alclat,2,False
39,53.17020897675698,13.0,alclat4_stem,alclat,2,False
40,77.09526076557663,2.0,alclat4_stem,alclat,2,False
41,36.516368878263705,4.0,alclat4_stem,alclat,2,False
42,32.28706999451782,29.0,alclat4_stem,alclat,2,False
43,19.789405189763073,11.0,alclat4_stem,alclat,2,False
44,66.95194364292229,2.0,alclat4_stem,alclat,2,False
45,73.51390601569418,10.0,alclat4_stem,alclat,2,False
46,23.59883359665588,26.0,alclat4_stem,alclat,2,False
47,22.433810047671045,2.0,alclat4_stem,alclat,2,False
48,0.827886710239568,4.0,alclat4_stem,alclat,2,False
49,51.99451471611104,8.0,alclat4_stem,alclat,2,False
50,1.6411862127441736,4.0,alclat4_stem,alclat,2,False
51,27.497773174415528,3.0,alclat4_stem,alclat,2,False
52,48.04888731738825,4.0,alclat4_stem,alclat,2,False
53,29.813897790242777,8.0,alclat4_stem,alclat,2,False
54,6.378348204695868,2.0,alclat4_stem,alclat,2,False
55,22.852166302907904,13.0,alclat4_stem,alclat,2,False
56,13.834492782617758,15.0,alclat4_stem,alclat,2,False
57,7.915498273877063,10.0,alclat4_stem,alclat,2,False
58,42.13187036690081,42.0,alclat4_stem,alclat,2,False
59,24.294985152315064,27.0,alclat4_stem,alclat,2,False
60,83.23714512412423,11.0,alclat4_stem,alclat,2,False
61,23.67478235392565,14.0,alclat4_stem,alclat,2,False
62,80.2692016032922,49.0,alclat4_stem,alclat,2,False
63,80.78403494099172,21.0,alclat4_stem,alclat,2,False
64,50.38308421436281,19.0,alclat4_stem,alclat,2,False
65,0.5158354525186155,2.0,alclat4_stem,alclat,2,False
66,71.90927999587961,4.0,alclat4_stem,alclat,2,False
67,55.57648295319959,29.0,alclat4_stem,alclat,2,False
68,119.86466786049854,13.0,alclat4_stem,alclat,2,True
69,117.89858772990817,6.0,alclat4_stem,alclat,2,True
70,0.14140480591538562,2.0,alclat4_stem,alclat,2,False
71,1.7424242424240504,7.0,alclat4_stem,alclat,2,False
72,2.562424242423816,10.0,alclat4_stem,alclat,2,False
73,125.90474576271083,23.0,alclat4_stem,alclat,2,True
74,113.78654170960209,7.0,alclat4_stem,alclat,2,True
75,47.188273134964476,6.0,alclat4_stem,alclat,2,False
76,43.50371856738366,2.0,alclat4_stem,alclat,2,False
77,47.918926120798176,4.0,alclat4_stem,alclat,2,False
78,1.282845696436624,2.0,alclat4_stem,alclat,2,False
79,1.0997114408851303,17.0,alclat4_stem,alclat,2,False
80,0.8134625795352122,2.0,alclat4_stem,alclat,2,False
81,1.0862604412064911,2.0,alclat4_stem,alclat,2,False
82,26.643186252338552,114.0,alclat4_stem,alclat,2,False
83,1.6561388352816948,2.0,alclat4_stem,alclat,2,False
84,18.917344173441904,10.0,alclat4_stem,alclat,2,False
85,48.230696798493625,7.0,alclat4_stem,alclat,2,False
86,99.05291902071497,18.0,alclat4_stem,alclat,2,False
87,50.13190800129627,9.0,alclat4_stem,alclat,2,False
88,13.854905417317667,12.0,alclat4_stem,alclat,2,False
89,13.877475559613032,3.0,alclat4_stem,alclat,2,False
90,1.8171583028391467,21.0,alclat4_stem,alclat,2,False
91,45.942117375122336,2.0,alclat4_stem,alclat,2,False
92,48.756304683479925,2.0,alclat4_stem,alclat,2,False
93,91.46275335614604,40.0,alclat4_stem,alclat,2,False
94,69.27082459525175,88.0,alclat4_stem,alclat,2,False
95,34.74299893654654,2.0,alclat4_stem,alclat,2,False
96,56.89421728341577,46.0,alclat4_stem,alclat,2,False
97,54.80463865057473,38.0,alclat4_stem,alclat,2,False
98,0.7137098037548242,42.0,alclat4_stem,alclat,2,False
99,24.96203651339127,44.0,alclat4_stem,alclat,2,False
100,27.433589812680566,36.0,alclat4_stem,alclat,2,False
101,0.04214429892613225,6.0,alclat4_stem,alclat,2,False
102,31.028713659897022,4.0,alclat4_stem,alclat,2,False
103,34.66090167120123,32.0,alclat4_stem,alclat,2,False
104,3.8526986734819104,2.0,alclat4_stem,alclat,2,False
105,26.42603790195568,10.0,alclat4_stem,alclat,2,False
106,59.52553872413017,13.0,alclat4_stem,alclat,2,False
107,26.824949755956368,15.0,alclat4_stem,alclat,2,False
108,104.90292119876028,19.0,alclat4_stem,alclat,2,True
109,65.67283825122888,21.0,alclat4_stem,alclat,2,False
110,33.2452256944448,10.0,alclat4_stem,alclat,2,False
111,37.806146572104154,21.0,alclat4_stem,alclat,2,False
112,62.69284332688642,36.0,alclat4_stem,alclat,2,False
113,88.93475378787957,23.0,alclat4_stem,alclat,2,False
114,29.031741352200783,6.0,alclat4_stem,alclat,2,False
115,7.250932736382197,6.0,alclat4_stem,alclat,2,False
116,83.35260573419993,42.0,alclat4_stem,alclat,2,False
117,38.99195551875002,3.0,alclat4_stem,alclat,2,False
118,124.62137363719987,42.0,alclat4_stem,alclat,2,True
119,22.165102060674542,31.0,alclat4_stem,alclat,2,False
120,1.6647727272722364,21.0,alclat4_stem,alclat,2,False
121,21.35881979695239,13.0,alclat4_stem,alclat,2,False
122,0.6648870995994116,2.0,alclat4_stem,alclat,2,False
123,70.82628244600181,2.0,alclat4_stem,alclat,2,False
124,0.38166358098715136,2.0,alclat4_stem,alclat,2,False
125,13.947527327682224,88.0,alclat4_stem,alclat,2,False
126,0.7431060713815327,2.0,alclat4_stem,alclat,2,False
127,1.3717446258635277,4.0,alclat4_stem,alclat,2,False
128,37.25522791353393,3.0,alclat4_stem,alclat,2,False
129,33.01076635250428,50.0,alclat4_stem,alclat,2,False
130,0.7745954896056446,6.0,alclat4_stem,alclat,2,False
131,2.5649643279242014,2.0,alclat4_stem,alclat,2,False
132,1.157348677460277,2.0,alclat4_stem,alclat,2,False
133,63.653159919396984,95.0,alclat4_stem,alclat,2,False
1,74.1667618453198,85.0,alclat5.2_stem,alclat,3,False
2,332.4042166268684,13.0,alclat5.2_stem,alclat,3,True
3,378.3396299525037,42.0,alclat5.2_stem,alclat,3,True
4,20.546397438736676,10.0,alclat5.2_stem,alclat,3,False
5,352.31137663596047,51.0,alclat5.2_stem,alclat,3,True
6,191.07044516003276,76.0,alclat5.2_stem,alclat,3,True
7,51.19779501459777,215.0,alclat5.2_stem,alclat,3,False
1,38.245601645012954,59.0,casarb2.2_stem,casarb,1,False
2,1.5546869344968286,2.0,casarb2.2_stem,casarb,1,False
3,12.664801592652736,161.0,casarb2.2_stem,casarb,1,False
4,48.360108408154346,26.0,casarb2.2_stem,casarb,1,False
5,25.003700422502078,39.0,casarb2.2_stem,casarb,1,False
6,19.082224988951324,11.0,casarb2.2_stem,casarb,1,False
7,6.707072468170651,4.0,casarb2.2_stem,casarb,1,False
8,3.107143418196017,4.0,casarb2.2_stem,casarb,1,False
9,11.998392406021694,2.0,casarb2.2_stem,casarb,1,False
10,2.3679144082646673,3.0,casarb2.2_stem,casarb,1,False
11,14.646606342847534,8.0,casarb2.2_stem,casarb,1,False
12,10.251135274937297,6.0,casarb2.2_stem,casarb,1,False
13,4.790101814087478,9.0,casarb2.2_stem,casarb,1,False
14,3.1547945411923592,12.0,casarb2.2_stem,casarb,1,False
15,38.69593044385506,19.0,casarb2.2_stem,casarb,1,False
16,33.19535994781805,2.0,casarb2.2_stem,casarb,1,False
17,46.722687671687424,2.0,casarb2.2_stem,casarb,1,False
18,39.19330596958116,7.0,casarb2.2_stem,casarb,1,False
19,5.377834729153207,2.0,casarb2.2_stem,casarb,1,False
20,9.212448487231597,2.0,casarb2.2_stem,casarb,1,False
21,65.6101245347022,6.0,casarb2.2_stem,casarb,1,False
22,8.60057663130587,4.0,casarb2.2_stem,casarb,1,False
23,8.449509555526106,7.0,casarb2.2_stem,casarb,1,False
24,1.766515075071851,2.0,casarb2.2_stem,casarb,1,False
25,38.34457297411889,6.0,casarb2.2_stem,casarb,1,False
26,16.94106076336014,8.0,casarb2.2_stem,casarb,1,False
27,7.759835690070275,2.0,casarb2.2_stem,casarb,1,False
28,20.559493923887032,13.0,casarb2.2_stem,casarb,1,False
29,24.7933315082237,4.0,casarb2.2_stem,casarb,1,False
30,9.14822357888906,6.0,casarb2.2_stem,casarb,1,False
31,5.170085176829417,3.0,casarb2.2_stem,casarb,1,False
32,26.052364864864956,14.0,casarb2.2_stem,casarb,1,False
33,14.610616391015924,2.0,casarb2.2_stem,casarb,1,False
34,45.232587441007,2.0,casarb2.2_stem,casarb,1,False
35,38.00386142697957,13.0,casarb2.2_stem,casarb,1,False
36,27.85714368481574,2.0,casarb2.2_stem,casarb,1,False
37,52.545666018029635,2.0,casarb2.2_stem,casarb,1,False
38,5.542493269440456,2.0,casarb2.2_stem,casarb,1,False
39,48.95318186176675,5.0,casarb2.2_stem,casarb,1,False
40,34.90329483324359,2.0,casarb2.2_stem,casarb,1,False
41,1.7937801591230311,10.0,casarb2.2_stem,casarb,1,False
42,18.789836213480726,2.0,casarb2.2_stem,casarb,1,False
43,58.379286746155955,17.0,casarb2.2_stem,casarb,1,False
44,10.49003734562649,434.0,casarb2.2_stem,casarb,1,False
1,13.266111779012817,19.0,casarb4_stem,casarb,2,False
2,34.327077526371255,42.0,casarb4_stem,casarb,2,False
3,26.079209879848662,44.0,casarb4_stem,casarb,2,False
4,0.9372519386020599,8.0,casarb4_stem,casarb,2,False
5,30.942331949386926,2.0,casarb4_stem,casarb,2,False
6,43.02440554256634,19.0,casarb4_stem,casarb,2,False
7,12.561673178959325,27.0,casarb4_stem,casarb,2,False
8,18.19582202949823,21.0,casarb4_stem,casarb,2,False
9,0.1273847690324601,7.0,casarb4_stem,casarb,2,False
10,4.220972017673432,2.0,casarb4_stem,casarb,2,False
11,29.940860729005408,10.0,casarb4_stem,casarb,2,False
12,36.9137181760037,13.0,casarb4_stem,casarb,2,False
13,4.049983452599321,6.0,casarb4_stem,casarb,2,False
14,18.752881920746233,8.0,casarb4_stem,casarb,2,False
15,1.463927653148346,2.0,casarb4_stem,casarb,2,False
16,12.01479682236095,38.0,casarb4_stem,casarb,2,False
17,6.721612862814254,15.0,casarb4_stem,casarb,2,False
18,37.03322030111127,4.0,casarb4_stem,casarb,2,False
19,17.99548579005875,44.0,casarb4_stem,casarb,2,False
20,46.77421335195015,13.0,casarb4_stem,casarb,2,False
21,16.043853179379596,8.0,casarb4_stem,casarb,2,False
22,26.45788479993263,32.0,casarb4_stem,casarb,2,False
23,7.313416422287901,14.0,casarb4_stem,casarb,2,False
24,2.475418030387573,59.0,casarb4_stem,casarb,2,False
25,3.2994762606408585,332.0,casarb4_stem,casarb,2,False
26,50.38430979508399,272.0,casarb4_stem,casarb,2,False
27,12.932420117394429,575.0,casarb4_stem,casarb,2,False
28,16.141028031574535,57.0,casarb4_stem,casarb,2,False
29,17.387034625297872,10.0,casarb4_stem,casarb,2,False
30,6.980995732501924,47.0,casarb4_stem,casarb,2,False
31,29.919263553497785,84.0,casarb4_stem,casarb,2,False
32,9.058220426002265,2.0,casarb4_stem,casarb,2,False
33,1.3170967741934874,4.0,casarb4_stem,casarb,2,False
34,52.48086220629182,13.0,casarb4_stem,casarb,2,False
35,1.4288718150776276,262.0,casarb4_stem,casarb,2,False
36,8.86046099290769,543.0,casarb4_stem,casarb,2,False
1,16.21485599535319,9.0,casarb5_stem,casarb,3,False
2,20.1051035707535,8.0,casarb5_stem,casarb,3,False
3,18.020983010582455,31.0,casarb5_stem,casarb,3,False
4,3.5913282851175836,11.0,casarb5_stem,casarb,3,False
5,5.885119321806371,31.0,casarb5_stem,casarb,3,False
6,31.50060308597739,3.0,casarb5_stem,casarb,3,False
7,21.046894903496366,50.0,casarb5_stem,casarb,3,False
8,4.247020817200195,4.0,casarb5_stem,casarb,3,False
9,3.582284860982554,21.0,casarb5_stem,casarb,3,False
10,5.44725375268365,61.0,casarb5_stem,casarb,3,False
11,58.40421455938707,31.0,casarb5_stem,casarb,3,False
12,30.527925929557483,25.0,casarb5_stem,casarb,3,False
13,30.520263094308405,61.0,casarb5_stem,casarb,3,False
14,44.833253701751744,28.0,casarb5_stem,casarb,3,False
15,49.22179955282064,18.0,casarb5_stem,casarb,3,False
16,68.58416311824547,38.0,casarb5_stem,casarb,3,False
17,39.27308101535175,132.0,casarb5_stem,casarb,3,False
18,14.59704461494664,441.0,casarb5_stem,casarb,3,False
19,6.838932806324408,177.0,casarb5_stem,casarb,3,False
20,28.097341337907636,10.0,casarb5_stem,casarb,3,False
21,31.757994981548705,55.0,casarb5_stem,casarb,3,False
22,42.69596400341757,323.0,casarb5_stem,casarb,3,False
23,35.39248357513031,2.0,casarb5_stem,casarb,3,False
24,42.21413407192816,21.0,casarb5_stem,casarb,3,False
25,6.057623857624122,17.0,casarb5_stem,casarb,3,False
26,29.475132275132637,7.0,casarb5_stem,casarb,3,False
27,2.863703703703095,369.0,casarb5_stem,casarb,3,False
28,8.918409785932027,72.0,casarb5_stem,casarb,3,False
29,27.969915708098483,107.0,casarb5_stem,casarb,3,False
30,20.81808344981448,2.0,casarb5_stem,casarb,3,False
31,35.942066094512654,63.0,casarb5_stem,casarb,3,False
32,5.4908896891449785,6.0,casarb5_stem,casarb,3,False
33,19.795079633279244,2.0,casarb5_stem,casarb,3,False
34,11.098535287515489,240.0,casarb5_stem,casarb,3,False
35,4.1580812633637265,2.0,casarb5_stem,casarb,3,False
36,2.4307525316142744,2.0,casarb5_stem,casarb,3,False
37,2.1778833107192384,2.0,casarb5_stem,casarb,3,False
38,0.8291866028708341,2.0,casarb5_stem,casarb,3,False
39,20.213008937437365,9.0,casarb5_stem,casarb,3,False
40,46.00731613400063,239.0,casarb5_stem,casarb,3,False
1,14.355470197048504,154.0,dacexc1_stem,dacexc,1,False
2,8.657673003543465,112.0,dacexc1_stem,dacexc,1,False
3,5.232868534492184,2.0,dacexc1_stem,dacexc,1,False
4,6.73532401758618,2.0,dacexc1_stem,dacexc,1,False
5,53.99470769270917,319.0,dacexc1_stem,dacexc,1,False
6,16.65353708927543,194.0,dacexc1_stem,dacexc,1,False
7,91.49361627411318,82.0,dacexc1_stem,dacexc,1,False
8,261.10750901707104,21.0,dacexc1_stem,dacexc,1,True
9,79.16979519570454,51.0,dacexc1_stem,dacexc,1,False
10,57.708239936307336,8.0,dacexc1_stem,dacexc,1,False
11,6.603574663969567,2.0,dacexc1_stem,dacexc,1,False
12,24.08642586814392,126.0,dacexc1_stem,dacexc,1,False
13,12.103261803677299,2.0,dacexc1_stem,dacexc,1,False
14,115.75825559752838,30.0,dacexc1_stem,dacexc,1,True
15,136.10319098370894,183.0,dacexc1_stem,dacexc,1,True
16,12.913627589073485,3.0,dacexc1_stem,dacexc,1,False
17,95.445653415158,198.0,dacexc1_stem,dacexc,1,False
18,203.84394598040907,177.0,dacexc1_stem,dacexc,1,True
19,28.8213848536233,34.0,dacexc1_stem,dacexc,1,False
20,103.8507856590079,80.0,dacexc1_stem,dacexc,1,True
21,9.55286200223128,2.0,dacexc1_stem,dacexc,1,False
22,36.949819852278864,137.0,dacexc1_stem,dacexc,1,False
23,260.19473091323266,671.0,dacexc1_stem,dacexc,1,True
24,16.434614053176176,2.0,dacexc1_stem,dacexc,1,False
1,7.148493083276804,71.0,dacexc3_stem,dacexc,2,False
2,66.43522039844524,300.0,dacexc3_stem,dacexc,2,False
3,27.92872897763607,524.0,dacexc3_stem,dacexc,2,False
4,20.208278508772395,2.0,dacexc3_stem,dacexc,2,False
5,212.90852130325788,294.0,dacexc3_stem,dacexc,2,True
6,213.77976190476187,52.0,dacexc3_stem,dacexc,2,True
7,76.78139308607982,768.0,dacexc3_stem,dacexc,2,False
1,142.0723972209086,32.0,dacexc5.2_stem,dacexc,3,True
2,14.420258076565716,172.0,dacexc5.2_stem,dacexc,3,False
3,45.84125795652422,71.0,dacexc5.2_stem,dacexc,3,False
4,87.85437271062264,13.0,dacexc5.2_stem,dacexc,3,False
5,6.172549019607658,244.0,dacexc5.2_stem,dacexc,3,False
6,1.0677361853834668,128.0,dacexc5.2_stem,dacexc,3,False
7,35.51314616755758,25.0,dacexc5.2_stem,dacexc,3,False
8,86.57196969696949,30.0,dacexc5.2_stem,dacexc,3,False
9,46.54545454545425,33.0,dacexc5.2_stem,dacexc,3,False
10,55.09090909090929,53.0,dacexc5.2_stem,dacexc,3,False
11,23.96256684491965,19.0,dacexc5.2_stem,dacexc,3,False
12,58.7481146304674,4.0,dacexc5.2_stem,dacexc,3,False
13,0.8102564102566419,63.0,dacexc5.2_stem,dacexc,3,False
14,22.976923076923043,28.0,dacexc5.2_stem,dacexc,3,False
15,1.9058823529410915,4.0,dacexc5.2_stem,dacexc,3,False
16,26.658263305321952,2.0,dacexc5.2_stem,dacexc,3,False
17,23.214285714285808,2.0,dacexc5.2_stem,dacexc,3,False
18,28.74806201550396,13.0,dacexc5.2_stem,dacexc,3,False
19,49.78818581696228,25.0,dacexc5.2_stem,dacexc,3,False
20,40.15847005468862,2.0,dacexc5.2_stem,dacexc,3,False
21,8.711111111111023,17.0,dacexc5.2_stem,dacexc,3,False
22,22.733974358974365,2.0,dacexc5.2_stem,dacexc,3,False
23,21.93897435897435,2.0,dacexc5.2_stem,dacexc,3,False
24,2.1912264150942065,2.0,dacexc5.2_stem,dacexc,3,False
25,5.580436941409658,38.0,dacexc5.2_stem,dacexc,3,False
26,23.46514012303504,23.0,dacexc5.2_stem,dacexc,3,False
27,30.59052711993843,2.0,dacexc5.2_stem,dacexc,3,False
28,6.135181645975933,2.0,dacexc5.2_stem,dacexc,3,False
29,33.21574430582288,3.0,dacexc5.2_stem,dacexc,3,False
30,55.55507246376831,29.0,dacexc5.2_stem,dacexc,3,False
31,30.679487179487495,4.0,dacexc5.2_stem,dacexc,3,False
32,22.656570512820792,34.0,dacexc5.2_stem,dacexc,3,False
33,57.21279761904796,11.0,dacexc5.2_stem,dacexc,3,False
34,0.23509123275505317,16.0,dacexc5.2_stem,dacexc,3,False
35,55.69943257676911,9.0,dacexc5.2_stem,dacexc,3,False
36,54.7666256157635,4.0,dacexc5.2_stem,dacexc,3,False
37,55.4077221952403,84.0,dacexc5.2_stem,dacexc,3,False
38,3.0543988569093585,11.0,dacexc5.2_stem,dacexc,3,False
39,27.558336378029992,133.0,dacexc5.2_stem,dacexc,3,False
40,0.08767393597150885,2.0,dacexc5.2_stem,dacexc,3,False
41,0.6190539013979048,2.0,dacexc5.2_stem,dacexc,3,False
42,0.15766821657700802,2.0,dacexc5.2_stem,dacexc,3,False
43,0.5031560891945617,2.0,dacexc5.2_stem,dacexc,3,False
44,0.5620319937969782,2.0,dacexc5.2_stem,dacexc,3,False
45,4.62551025466604,2.0,dacexc5.2_stem,dacexc,3,False
46,2.8682575619193926,2.0,dacexc5.2_stem,dacexc,3,False
47,1.5429276188951349,13.0,dacexc5.2_stem,dacexc,3,False
48,29.502176616914824,67.0,dacexc5.2_stem,dacexc,3,False
49,1.4533730158723301,108.0,dacexc5.2_stem,dacexc,3,False
50,0.6558730158727428,88.0,dacexc5.2_stem,dacexc,3,False
51,61.66222222222214,318.0,dacexc5.2_stem,dacexc,3,False
52,1.29415204678358,2.0,dacexc5.2_stem,dacexc,3,False
53,59.1887183235867,508.0,dacexc5.2_stem,dacexc,3,False
1,2.6451451268562636,2.0,drygla2_stem,drygla,1,False
2,33.4382509729671,288.0,drygla2_stem,drygla,1,False
3,119.65849578203392,10.0,drygla2_stem,drygla,1,True
4,85.07592871908643,40.0,drygla2_stem,drygla,1,False
5,7.792151667379116,42.0,drygla2_stem,drygla,1,False
6,5.913621546885494,345.0,drygla2_stem,drygla,1,False
7,64.86834754229876,287.0,drygla2_stem,drygla,1,False
8,69.24368126567632,47.0,drygla2_stem,drygla,1,False
9,38.101911614084244,107.0,drygla2_stem,drygla,1,False
10,25.77058929692687,36.0,drygla2_stem,drygla,1,False
11,12.365889427203214,16.0,drygla2_stem,drygla,1,False
12,6.124065940955106,19.0,drygla2_stem,drygla,1,False
13,3.876925572408112,11.0,drygla2_stem,drygla,1,False
14,49.66598597818157,8.0,drygla2_stem,drygla,1,False
15,61.18028044940745,99.0,drygla2_stem,drygla,1,False
16,13.115850697596215,2.0,drygla2_stem,drygla,1,False
17,8.674348630736773,25.0,drygla2_stem,drygla,1,False
18,8.969885667619593,40.0,drygla2_stem,drygla,1,False
19,57.44705359222513,15.0,drygla2_stem,drygla,1,False
20,43.257393833131474,2.0,drygla2_stem,drygla,1,False
21,52.19841326626502,9.0,drygla2_stem,drygla,1,False
22,2.6854835507128314,23.0,drygla2_stem,drygla,1,False
23,37.71869363661345,2.0,drygla2_stem,drygla,1,False
24,16.037019293189232,21.0,drygla2_stem,drygla,1,False
25,13.284838842286945,2.0,drygla2_stem,drygla,1,False
26,35.70492055757025,23.0,drygla2_stem,drygla,1,False
27,1.2701698878874765,2.0,drygla2_stem,drygla,1,False
28,12.9906271548369,57.0,drygla2_stem,drygla,1,False
29,0.9269944574104017,2.0,drygla2_stem,drygla,1,False
30,20.406574409862785,2.0,drygla2_stem,drygla,1,False
31,10.253146545689901,2.0,drygla2_stem,drygla,1,False
32,69.45651544808146,7.0,drygla2_stem,drygla,1,False
33,17.764867389777635,2.0,drygla2_stem,drygla,1,False
34,0.21052631578947967,4.0,drygla2_stem,drygla,1,False
35,65.59773976023976,2.0,drygla2_stem,drygla,1,False
36,21.113300989921555,2.0,drygla2_stem,drygla,1,False
37,40.75153100763265,101.0,drygla2_stem,drygla,1,False
38,47.41757815256196,107.0,drygla2_stem,drygla,1,False
1,34.52573735527871,4.0,drygla3.2_stem,drygla,2,False
2,39.69860968331062,12.0,drygla3.2_stem,drygla,2,False
3,21.540666662967766,9.0,drygla3.2_stem,drygla,2,False
4,52.44105638395908,13.0,drygla3.2_stem,drygla,2,False
5,34.103847772182945,2.0,drygla3.2_stem,drygla,2,False
6,27.01954361812085,14.0,drygla3.2_stem,drygla,2,False
7,2.0675073836207503,2.0,drygla3.2_stem,drygla,2,False
8,16.085868798037097,5.0,drygla3.2_stem,drygla,2,False
9,31.3706297584462,27.0,drygla3.2_stem,drygla,2,False
10,16.68403727103771,4.0,drygla3.2_stem,drygla,2,False
11,84.67099330945986,2.0,drygla3.2_stem,drygla,2,False
12,100.43491953260362,11.0,drygla3.2_stem,drygla,2,True
13,111.53623198755483,25.0,drygla3.2_stem,drygla,2,True
14,70.89859804728539,8.0,drygla3.2_stem,drygla,2,False
15,16.587766183675853,5.0,drygla3.2_stem,drygla,2,False
16,16.227990887719187,10.0,drygla3.2_stem,drygla,2,False
17,0.6278064222269109,23.0,drygla3.2_stem,drygla,2,False
18,65.68318041547266,59.0,drygla3.2_stem,drygla,2,False
19,110.7193433018758,6.0,drygla3.2_stem,drygla,2,True
20,89.0056031065487,4.0,drygla3.2_stem,drygla,2,False
21,74.03415961931051,32.0,drygla3.2_stem,drygla,2,False
22,16.837204336985252,21.0,drygla3.2_stem,drygla,2,False
23,42.8472847784048,4.0,drygla3.2_stem,drygla,2,False
24,15.13254470704129,2.0,drygla3.2_stem,drygla,2,False
25,71.98628048780583,2.0,drygla3.2_stem,drygla,2,False
26,8.316769148788495,17.0,drygla3.2_stem,drygla,2,False
27,2.7789830794256147,23.0,drygla3.2_stem,drygla,2,False
28,3.9585763644989242,9.0,drygla3.2_stem,drygla,2,False
29,9.006433208926637,40.0,drygla3.2_stem,drygla,2,False
30,8.201603033129828,35.0,drygla3.2_stem,drygla,2,False
31,59.016911045943516,4.0,drygla3.2_stem,drygla,2,False
32,31.775661142835446,61.0,drygla3.2_stem,drygla,2,False
33,50.400253687022484,9.0,drygla3.2_stem,drygla,2,False
34,20.19234285240779,33.0,drygla3.2_stem,drygla,2,False
35,13.326482075455147,68.0,drygla3.2_stem,drygla,2,False
36,21.985853808405125,8.0,drygla3.2_stem,drygla,2,False
37,10.880519625643132,95.0,drygla3.2_stem,drygla,2,False
38,83.78677063929712,19.0,drygla3.2_stem,drygla,2,False
39,36.17905040441531,21.0,drygla3.2_stem,drygla,2,False
40,9.244705632487893,2.0,drygla3.2_stem,drygla,2,False
41,20.833297619047357,69.0,drygla3.2_stem,drygla,2,False
42,105.6186995884797,15.0,drygla3.2_stem,drygla,2,True
43,40.92375691332006,109.0,drygla3.2_stem,drygla,2,False
44,0.7272787250038846,2.0,drygla3.2_stem,drygla,2,False
45,82.70802802172523,29.0,drygla3.2_stem,drygla,2,False
46,89.30740021614906,175.0,drygla3.2_stem,drygla,2,False
47,82.32132570686832,15.0,drygla3.2_stem,drygla,2,False
48,79.25517345741991,19.0,drygla3.2_stem,drygla,2,False
49,19.360636338128018,8.0,drygla3.2_stem,drygla,2,False
50,20.552835792296293,25.0,drygla3.2_stem,drygla,2,False
51,39.59873949579904,2.0,drygla3.2_stem,drygla,2,False
52,21.524684873950406,30.0,drygla3.2_stem,drygla,2,False
53,19.36964285714282,23.0,drygla3.2_stem,drygla,2,False
54,0.6331339712912722,15.0,drygla3.2_stem,drygla,2,False
55,37.39471218599735,2.0,drygla3.2_stem,drygla,2,False
56,28.82943535756266,6.0,drygla3.2_stem,drygla,2,False
57,44.26105914063362,4.0,drygla3.2_stem,drygla,2,False
58,6.654514846938099,2.0,drygla3.2_stem,drygla,2,False
59,9.924655507644246,11.0,drygla3.2_stem,drygla,2,False
60,19.150331374665825,2.0,drygla3.2_stem,drygla,2,False
61,31.647869435447944,2.0,drygla3.2_stem,drygla,2,False
62,84.76111176493598,36.0,drygla3.2_stem,drygla,2,False
63,92.81783803143375,32.0,drygla3.2_stem,drygla,2,False
64,38.14578159306146,27.0,drygla3.2_stem,drygla,2,False
65,42.059213295708076,23.0,drygla3.2_stem,drygla,2,False
66,82.28587099175408,34.0,drygla3.2_stem,drygla,2,False
67,57.765567765568505,33.0,drygla3.2_stem,drygla,2,False
68,77.28037832813894,30.0,drygla3.2_stem,drygla,2,False
69,2.76787906664822,2.0,drygla3.2_stem,drygla,2,False
70,16.113001121834998,13.0,drygla3.2_stem,drygla,2,False
71,34.2533153750519,33.0,drygla3.2_stem,drygla,2,False
72,0.4792729459578595,2.0,drygla3.2_stem,drygla,2,False
73,73.42637020333052,3.0,drygla3.2_stem,drygla,2,False
74,98.28525515210976,8.0,drygla3.2_stem,drygla,2,False
75,55.803021978022656,2.0,drygla3.2_stem,drygla,2,False
76,26.72802197802227,8.0,drygla3.2_stem,drygla,2,False
77,35.294303797466966,5.0,drygla3.2_stem,drygla,2,False
78,30.47153384441458,19.0,drygla3.2_stem,drygla,2,False
79,21.874656745504666,2.0,drygla3.2_stem,drygla,2,False
80,17.435339484919467,19.0,drygla3.2_stem,drygla,2,False
81,2.3154053015751117,29.0,drygla3.2_stem,drygla,2,False
82,3.5245703544553066,15.0,drygla3.2_stem,drygla,2,False
83,1.1494499362226236,2.0,drygla3.2_stem,drygla,2,False
84,44.50183548503861,34.0,drygla3.2_stem,drygla,2,False
85,34.86407143812335,2.0,drygla3.2_stem,drygla,2,False
86,4.03974711379891,4.0,drygla3.2_stem,drygla,2,False
87,24.402684563758612,27.0,drygla3.2_stem,drygla,2,False
88,33.11697027804465,26.0,drygla3.2_stem,drygla,2,False
89,20.13736263736277,14.0,drygla3.2_stem,drygla,2,False
90,25.186298076923265,17.0,drygla3.2_stem,drygla,2,False
91,8.967098577235504,5.0,drygla3.2_stem,drygla,2,False
92,48.0884915622062,2.0,drygla3.2_stem,drygla,2,False
93,49.61488983823713,71.0,drygla3.2_stem,drygla,2,False
94,0.22272875284897964,19.0,drygla3.2_stem,drygla,2,False
95,45.09636174636148,72.0,drygla3.2_stem,drygla,2,False
96,15.413121089434696,34.0,drygla3.2_stem,drygla,2,False
97,58.12626262626506,27.0,drygla3.2_stem,drygla,2,False
98,39.0853113175103,55.0,drygla3.2_stem,drygla,2,False
99,24.430180912145886,139.0,drygla3.2_stem,drygla,2,False
100,102.6729616608095,276.0,drygla3.2_stem,drygla,2,True
101,0.30597402597422274,10.0,drygla3.2_stem,drygla,2,False
102,82.13955503512838,131.0,drygla3.2_stem,drygla,2,False
1,31.897212971333403,19.0,drygla4_stem,drygla,3,False
2,30.216737025090936,2.0,drygla4_stem,drygla,3,False
3,43.22402626950523,23.0,drygla4_stem,drygla,3,False
4,13.395064935064482,10.0,drygla4_stem,drygla,3,False
5,16.950216450216942,2.0,drygla4_stem,drygla,3,False
6,37.621625209965345,5.0,drygla4_stem,drygla,3,False
7,11.357245126048085,8.0,drygla4_stem,drygla,3,False
8,55.87140863297684,4.0,drygla4_stem,drygla,3,False
9,57.88336931092995,9.0,drygla4_stem,drygla,3,False
10,45.06565523775119,16.0,drygla4_stem,drygla,3,False
11,56.38027888596049,11.0,drygla4_stem,drygla,3,False
12,49.78884709934745,4.0,drygla4_stem,drygla,3,False
13,47.02069944969092,15.0,drygla4_stem,drygla,3,False
14,41.12401405365985,19.0,drygla4_stem,drygla,3,False
15,20.21025007856582,14.0,drygla4_stem,drygla,3,False
16,6.646224698475322,34.0,drygla4_stem,drygla,3,False
17,60.839471410942096,48.0,drygla4_stem,drygla,3,False
18,7.443152041647593,2.0,drygla4_stem,drygla,3,False
19,128.80005500147882,2.0,drygla4_stem,drygla,3,True
20,117.21921182266071,72.0,drygla4_stem,drygla,3,True
21,10.003681885124863,390.0,drygla4_stem,drygla,3,False
22,11.650722004427678,143.0,drygla4_stem,drygla,3,False
23,8.589134995904573,118.0,drygla4_stem,drygla,3,False
24,17.003476702509673,61.0,drygla4_stem,drygla,3,False
25,14.481031841595481,84.0,drygla4_stem,drygla,3,False
26,25.31368746320277,2.0,drygla4_stem,drygla,3,False
27,54.23881604873796,2.0,drygla4_stem,drygla,3,False
28,0.6034090909093663,2.0,drygla4_stem,drygla,3,False
29,116.18421717171749,2.0,drygla4_stem,drygla,3,True
30,24.53710178710176,160.0,drygla4_stem,drygla,3,False
31,71.6167144026187,52.0,drygla4_stem,drygla,3,False
32,83.33027715565537,44.0,drygla4_stem,drygla,3,False
33,1.2749743418198705,120.0,drygla4_stem,drygla,3,False
34,1.1942867437054758,88.0,drygla4_stem,drygla,3,False
35,45.93961204791576,36.0,drygla4_stem,drygla,3,False
36,93.129188610257,86.0,drygla4_stem,drygla,3,False
37,140.37111834962116,240.0,drygla4_stem,drygla,3,True
38,111.50000000000007,44.0,drygla4_stem,drygla,3,True
39,19.925641025640857,61.0,drygla4_stem,drygla,3,False
40,81.37427490542233,6.0,drygla4_stem,drygla,3,False
41,70.83419785794179,74.0,drygla4_stem,drygla,3,False
42,22.701383187199866,2.0,drygla4_stem,drygla,3,False
43,2.326374199928324,2.0,drygla4_stem,drygla,3,False
44,3.0494732576989065,2.0,drygla4_stem,drygla,3,False
45,6.848809523809308,61.0,drygla4_stem,drygla,3,False
46,26.017982017981836,36.0,drygla4_stem,drygla,3,False
47,23.494172494172545,14.0,drygla4_stem,drygla,3,False
48,0.15233785822022128,2.0,drygla4_stem,drygla,3,False
49,32.74457086792927,51.0,drygla4_stem,drygla,3,False
50,0.15473300970904802,2.0,drygla4_stem,drygla,3,False
51,63.78837719298252,23.0,drygla4_stem,drygla,3,False
52,15.352321076408941,74.0,drygla4_stem,drygla,3,False
53,2.9838698682427207,2.0,drygla4_stem,drygla,3,False
54,33.4192760158201,2.0,drygla4_stem,drygla,3,False
55,0.22318059299189486,2.0,drygla4_stem,drygla,3,False
56,0.42987012987012463,2.0,drygla4_stem,drygla,3,False
57,0.3727272727272464,2.0,drygla4_stem,drygla,3,False
58,1.1999999999999602,2.0,drygla4_stem,drygla,3,False
59,0.3074074074074957,9.0,drygla4_stem,drygla,3,False
60,0.5604686318972227,2.0,drygla4_stem,drygla,3,False
61,0.021482277121407378,2.0,drygla4_stem,drygla,3,False
62,1.5033738191632438,2.0,drygla4_stem,drygla,3,False
63,0.5633903133901299,2.0,drygla4_stem,drygla,3,False
64,2.777045030641233,2.0,drygla4_stem,drygla,3,False
65,2.4573350015649567,2.0,drygla4_stem,drygla,3,False
66,1.3403357727076042,2.0,drygla4_stem,drygla,3,False
67,0.3142488161858097,2.0,drygla4_stem,drygla,3,False
68,0.8043478260869819,3.0,drygla4_stem,drygla,3,False
69,8.088235294117808,23.0,drygla4_stem,drygla,3,False
70,6.760110294117808,214.0,drygla4_stem,drygla,3,False
71,25.142314189187957,36.0,drygla4_stem,drygla,3,False
72,0.5250965250976094,2.0,drygla4_stem,drygla,3,False
73,4.396756978653656,2.0,drygla4_stem,drygla,3,False
74,24.06365857764176,6.0,drygla4_stem,drygla,3,False
75,2.9788562668918814,2.0,drygla4_stem,drygla,3,False
76,1.3170954572676692,2.0,drygla4_stem,drygla,3,False
77,8.529101494771396,11.0,drygla4_stem,drygla,3,False
78,1.5657204694910263,4.0,drygla4_stem,drygla,3,False
79,12.94453477868106,124.0,drygla4_stem,drygla,3,False
80,1.858786446020673,2.0,drygla4_stem,drygla,3,False
81,1.3785628261744591,2.0,drygla4_stem,drygla,3,False
82,99.04642124153544,7.0,drygla4_stem,drygla,3,False
83,37.12518914333124,98.0,drygla4_stem,drygla,3,False
84,21.961864515633053,64.0,drygla4_stem,drygla,3,False
85,4.315514331933215,18.0,drygla4_stem,drygla,3,False
86,37.84931954144585,82.0,drygla4_stem,drygla,3,False
87,50.53587598425213,23.0,drygla4_stem,drygla,3,False
1,100.12006092722027,24.0,drygla5_stem,drygla,4,True
2,9.787745503284583,2.0,drygla5_stem,drygla,4,False
3,99.42966540963772,12.0,drygla5_stem,drygla,4,False
4,36.70812709715048,103.0,drygla5_stem,drygla,4,False
5,70.46269539451598,15.0,drygla5_stem,drygla,4,False
6,57.620253680247885,38.0,drygla5_stem,drygla,4,False
7,27.48011890258033,19.0,drygla5_stem,drygla,4,False
8,47.69061587301809,27.0,drygla5_stem,drygla,4,False
9,23.446095958873286,65.0,drygla5_stem,drygla,4,False
10,6.613032107948584,23.0,drygla5_stem,drygla,4,False
11,89.20882537396722,2.0,drygla5_stem,drygla,4,False
12,97.30285640488214,5.0,drygla5_stem,drygla,4,False
13,70.96749922573483,10.0,drygla5_stem,drygla,4,False
14,14.645662127911095,25.0,drygla5_stem,drygla,4,False
15,59.15918065324061,17.0,drygla5_stem,drygla,4,False
16,77.36940044058966,11.0,drygla5_stem,drygla,4,False
17,2.90255186868265,2.0,drygla5_stem,drygla,4,False
18,81.21665254706025,2.0,drygla5_stem,drygla,4,False
19,87.03884342887378,4.0,drygla5_stem,drygla,4,False
20,5.580572356283454,2.0,drygla5_stem,drygla,4,False
21,4.217420427350504,4.0,drygla5_stem,drygla,4,False
22,82.94316671880134,2.0,drygla5_stem,drygla,4,False
23,112.786858863827,26.0,drygla5_stem,drygla,4,True
24,106.82482464102799,4.0,drygla5_stem,drygla,4,True
25,69.97695084335209,4.0,drygla5_stem,drygla,4,False
26,111.8636787046454,4.0,drygla5_stem,drygla,4,True
27,41.93919820510672,13.0,drygla5_stem,drygla,4,False
28,89.97001576264267,21.0,drygla5_stem,drygla,4,False
29,2.1354341870549547,4.0,drygla5_stem,drygla,4,False
30,73.28224987530379,4.0,drygla5_stem,drygla,4,False
31,82.46430505302291,2.0,drygla5_stem,drygla,4,False
32,2.968524325591318,59.0,drygla5_stem,drygla,4,False
33,77.02895181918507,11.0,drygla5_stem,drygla,4,False
34,68.95520695469907,189.0,drygla5_stem,drygla,4,False
35,118.50477018705087,236.0,drygla5_stem,drygla,4,True
36,36.48551038156921,14.0,drygla5_stem,drygla,4,False
37,48.49181350671557,297.0,drygla5_stem,drygla,4,False
38,58.90503080006329,40.0,drygla5_stem,drygla,4,False
39,0.6563573553861772,2.0,drygla5_stem,drygla,4,False
40,60.62762242508114,10.0,drygla5_stem,drygla,4,False
41,0.9256081650514432,101.0,drygla5_stem,drygla,4,False
42,7.768775397065639,15.0,drygla5_stem,drygla,4,False
43,54.739949074995394,48.0,drygla5_stem,drygla,4,False
44,14.922872548253537,42.0,drygla5_stem,drygla,4,False
45,7.734245439469305,5.0,drygla5_stem,drygla,4,False
46,2.341111111111047,21.0,drygla5_stem,drygla,4,False
47,32.379981933152465,50.0,drygla5_stem,drygla,4,False
48,121.62185116224282,25.0,drygla5_stem,drygla,4,True
49,48.703229790781876,236.0,drygla5_stem,drygla,4,False
50,31.1805906578212,82.0,drygla5_stem,drygla,4,False
51,6.713926643082743,35.0,drygla5_stem,drygla,4,False
52,23.478137276822366,3.0,drygla5_stem,drygla,4,False
53,93.4024560329272,157.0,drygla5_stem,drygla,4,False
54,114.06208996452864,137.0,drygla5_stem,drygla,4,True
55,99.42714895346552,61.0,drygla5_stem,drygla,4,False
56,103.73073215422394,8.0,drygla5_stem,drygla,4,True
57,2.429846140389003,7.0,drygla5_stem,drygla,4,False
58,16.285594445356736,17.0,drygla5_stem,drygla,4,False
1,6.35114752225806,235.0,inglau1_stem,inglau,1,False
2,12.129680817970637,4.0,inglau1_stem,inglau,1,False
3,1.8265061088437164,258.0,inglau1_stem,inglau,1,False
4,5.360224632205274,21.0,inglau1_stem,inglau,1,False
5,52.14557348022814,29.0,inglau1_stem,inglau,1,False
6,50.50743897162033,21.0,inglau1_stem,inglau,1,False
7,21.2243010311293,2.0,inglau1_stem,inglau,1,False
8,14.969367590248083,89.0,inglau1_stem,inglau,1,False
9,11.553312579015511,42.0,inglau1_stem,inglau,1,False
10,11.573229839926654,31.0,inglau1_stem,inglau,1,False
11,79.70721037452614,11.0,inglau1_stem,inglau,1,False
12,0.6708953185458029,2.0,inglau1_stem,inglau,1,False
13,25.207769389401022,4.0,inglau1_stem,inglau,1,False
14,31.764525928152096,2.0,inglau1_stem,inglau,1,False
15,3.636444349871539,21.0,inglau1_stem,inglau,1,False
16,3.7660947913687153,2.0,inglau1_stem,inglau,1,False
17,16.266328258652322,2.0,inglau1_stem,inglau,1,False
18,8.664398690504044,4.0,inglau1_stem,inglau,1,False
19,31.936875351334237,9.0,inglau1_stem,inglau,1,False
20,50.90599138332044,31.0,inglau1_stem,inglau,1,False
21,8.294230359804175,2.0,inglau1_stem,inglau,1,False
22,4.394300504809166,17.0,inglau1_stem,inglau,1,False
23,13.709146358748853,2.0,inglau1_stem,inglau,1,False
24,45.6801737295024,36.0,inglau1_stem,inglau,1,False
25,3.654248943639743,23.0,inglau1_stem,inglau,1,False
26,41.815577775772,17.0,inglau1_stem,inglau,1,False
27,14.83101979109432,2.0,inglau1_stem,inglau,1,False
28,45.4621754854757,2.0,inglau1_stem,inglau,1,False
29,59.68053457239937,11.0,inglau1_stem,inglau,1,False
30,19.273035663566475,6.0,inglau1_stem,inglau,1,False
31,60.43021817104349,13.0,inglau1_stem,inglau,1,False
32,3.170732294121592,2.0,inglau1_stem,inglau,1,False
33,80.27914841910459,6.0,inglau1_stem,inglau,1,False
34,26.027328678038828,6.0,inglau1_stem,inglau,1,False
35,37.34161572011345,61.0,inglau1_stem,inglau,1,False
36,19.10097555234185,68.0,inglau1_stem,inglau,1,False
37,88.06651068490382,10.0,inglau1_stem,inglau,1,False
38,115.31046494017832,63.0,inglau1_stem,inglau,1,True
39,108.49939133721972,36.0,inglau1_stem,inglau,1,True
40,12.984774656732384,2.0,inglau1_stem,inglau,1,False
41,1.9676204278188152,32.0,inglau1_stem,inglau,1,False
42,18.630835772908767,52.0,inglau1_stem,inglau,1,False
43,112.36455104714369,15.0,inglau1_stem,inglau,1,True
44,43.98733126487818,6.0,inglau1_stem,inglau,1,False
45,2.6466101927961176,3.0,inglau1_stem,inglau,1,False
46,15.882581275817785,2.0,inglau1_stem,inglau,1,False
47,12.96565617328767,12.0,inglau1_stem,inglau,1,False
48,40.86764395012227,99.0,inglau1_stem,inglau,1,False
49,8.416624658066809,2.0,inglau1_stem,inglau,1,False
50,63.590103995677765,133.0,inglau1_stem,inglau,1,False
51,79.16912189812123,788.0,inglau1_stem,inglau,1,False
52,13.243304843304571,2.0,inglau1_stem,inglau,1,False
53,102.70615060045407,101.0,inglau1_stem,inglau,1,True
54,91.3419199618665,82.0,inglau1_stem,inglau,1,False
55,129.0646155152584,120.0,inglau1_stem,inglau,1,True
56,73.9526334088101,13.0,inglau1_stem,inglau,1,False
57,0.28719724025944515,2.0,inglau1_stem,inglau,1,False
58,2.4688804291962754,2.0,inglau1_stem,inglau,1,False
59,28.336476679229435,13.0,inglau1_stem,inglau,1,False
60,32.367220342036944,33.0,inglau1_stem,inglau,1,False
61,14.868129441443443,3.0,inglau1_stem,inglau,1,False
62,20.154110378533034,168.0,inglau1_stem,inglau,1,False
63,55.77539850201572,124.0,inglau1_stem,inglau,1,False
64,4.217213839378928,2.0,inglau1_stem,inglau,1,False
1,254.4875917524268,6.0,inglau2_stem,inglau,2,True
2,9.517844350809298,9.0,inglau2_stem,inglau,2,False
3,66.19650064571965,128.0,inglau2_stem,inglau,2,False
4,42.98219386971982,2.0,inglau2_stem,inglau,2,False
5,183.2364069248954,36.0,inglau2_stem,inglau,2,True
6,140.21913943482969,39.0,inglau2_stem,inglau,2,True
7,213.9608985845785,15.0,inglau2_stem,inglau,2,True
8,189.22616677132856,2.0,inglau2_stem,inglau,2,True
9,145.43239260277778,4.0,inglau2_stem,inglau,2,True
10,153.4433833786643,17.0,inglau2_stem,inglau,2,True
11,216.35016010743362,7.0,inglau2_stem,inglau,2,True
12,309.7302291187306,2.0,inglau2_stem,inglau,2,True
13,66.05326600160038,31.0,inglau2_stem,inglau,2,False
14,321.15992685788865,13.0,inglau2_stem,inglau,2,True
15,389.22172444209707,8.0,inglau2_stem,inglau,2,True
16,220.16285428862045,17.0,inglau2_stem,inglau,2,True
17,850.3625597109706,25.0,inglau2_stem,inglau,2,True
18,44.29815939820574,13.0,inglau2_stem,inglau,2,False
19,337.8029736404425,37.0,inglau2_stem,inglau,2,True
20,460.823112908969,9.0,inglau2_stem,inglau,2,True
21,680.0275817311183,10.0,inglau2_stem,inglau,2,True
22,155.81827940553632,44.0,inglau2_stem,inglau,2,True
23,286.8224727120919,30.0,inglau2_stem,inglau,2,True
24,1.7519316327685601,21.0,inglau2_stem,inglau,2,False
25,619.2981236446074,44.0,inglau2_stem,inglau,2,True
26,1057.5081468286107,67.0,inglau2_stem,inglau,2,True
27,748.0144102003553,10.0,inglau2_stem,inglau,2,True
28,604.5492821786402,13.0,inglau2_stem,inglau,2,True
29,2.1434751873252935,2.0,inglau2_stem,inglau,2,False
30,41.40846491032585,2.0,inglau2_stem,inglau,2,False
31,25.582177462642676,2.0,inglau2_stem,inglau,2,False
32,234.0342349958214,7.0,inglau2_stem,inglau,2,True
33,254.67349760237073,2.0,inglau2_stem,inglau,2,True
34,10.345086377799817,2.0,inglau2_stem,inglau,2,False
35,72.42187873459125,2.0,inglau2_stem,inglau,2,False
36,59.39413858142393,2.0,inglau2_stem,inglau,2,False
37,35.70815652993815,164.0,inglau2_stem,inglau,2,False
38,12.516993526276451,2.0,inglau2_stem,inglau,2,False
39,20.58088731444161,2.0,inglau2_stem,inglau,2,False
40,380.1258737021734,40.0,inglau2_stem,inglau,2,True
41,302.927791383663,2.0,inglau2_stem,inglau,2,True
42,111.80940190929834,199.0,inglau2_stem,inglau,2,True
43,197.99690173710212,2.0,inglau2_stem,inglau,2,True
44,232.76728321347002,162.0,inglau2_stem,inglau,2,True
45,112.75162358050625,2.0,inglau2_stem,inglau,2,True
46,400.2181815820438,111.0,inglau2_stem,inglau,2,True
47,182.44388512980424,2.0,inglau2_stem,inglau,2,True
48,91.7640722955772,5.0,inglau2_stem,inglau,2,False
49,902.2307852306699,40.0,inglau2_stem,inglau,2,True
50,291.7850076238558,29.0,inglau2_stem,inglau,2,True
51,154.02408261449955,2.0,inglau2_stem,inglau,2,True
52,210.84255010866923,36.0,inglau2_stem,inglau,2,True
53,217.47800163773434,2.0,inglau2_stem,inglau,2,True
54,752.6799306848326,185.0,inglau2_stem,inglau,2,True
55,20.772972972971957,2.0,inglau2_stem,inglau,2,False
56,25.51060606060514,33.0,inglau2_stem,inglau,2,False
57,306.7724006354546,49.0,inglau2_stem,inglau,2,True
58,558.5304176993019,35.0,inglau2_stem,inglau,2,True
59,716.6797910937037,25.0,inglau2_stem,inglau,2,True
60,311.5375078230446,525.0,inglau2_stem,inglau,2,True
61,133.50785293004816,2.0,inglau2_stem,inglau,2,True
62,608.9687130657719,590.0,inglau2_stem,inglau,2,True
63,86.01953689370828,3.0,inglau2_stem,inglau,2,False
1,25.846837203389725,36.0,inglau3_stem,inglau,3,False
2,2.9603434369744264,19.0,inglau3_stem,inglau,3,False
3,35.058253119416065,7.0,inglau3_stem,inglau,3,False
4,39.31574567819109,50.0,inglau3_stem,inglau,3,False
5,103.58008911252088,6.0,inglau3_stem,inglau,3,True
6,51.10871905871943,166.0,inglau3_stem,inglau,3,False
7,27.73071015064565,448.0,inglau3_stem,inglau,3,False
8,83.29881144609558,114.0,inglau3_stem,inglau,3,False
9,2.4795647553150957,2.0,inglau3_stem,inglau,3,False
10,94.31046238248487,41.0,inglau3_stem,inglau,3,False
11,49.05721095146626,132.0,inglau3_stem,inglau,3,False
12,1.0940975473951653,2.0,inglau3_stem,inglau,3,False
13,5.790839748290381,91.0,inglau3_stem,inglau,3,False
14,44.10991096373712,2.0,inglau3_stem,inglau,3,False
15,13.500440196702641,7.0,inglau3_stem,inglau,3,False
16,30.62191614506156,59.0,inglau3_stem,inglau,3,False
17,40.72209405816045,56.0,inglau3_stem,inglau,3,False
18,2.447873983764424,2.0,inglau3_stem,inglau,3,False
19,74.63082862318095,24.0,inglau3_stem,inglau,3,False
20,13.725125161718552,141.0,inglau3_stem,inglau,3,False
21,13.3719738208911,2.0,inglau3_stem,inglau,3,False
22,59.97294402798241,42.0,inglau3_stem,inglau,3,False
23,58.18473537202382,7.0,inglau3_stem,inglau,3,False
24,82.8693133973737,2.0,inglau3_stem,inglau,3,False
25,23.055368097033835,21.0,inglau3_stem,inglau,3,False
26,10.730171402047063,2.0,inglau3_stem,inglau,3,False
27,18.829683896349565,185.0,inglau3_stem,inglau,3,False
28,6.018785194904694,2.0,inglau3_stem,inglau,3,False
29,25.063245763758516,286.0,inglau3_stem,inglau,3,False
30,0.6965851569347024,2.0,inglau3_stem,inglau,3,False
31,4.522277365242417,2.0,inglau3_stem,inglau,3,False
1,67.0842561321927,95.0,inglau4_stem,inglau,4,False
2,36.18712414357364,4.0,inglau4_stem,inglau,4,False
3,2.8604824297238167,40.0,inglau4_stem,inglau,4,False
4,70.1297940883826,50.0,inglau4_stem,inglau,4,False
5,98.59318362967593,8.0,inglau4_stem,inglau,4,False
6,55.97003965560418,15.0,inglau4_stem,inglau,4,False
7,45.424764672907855,9.0,inglau4_stem,inglau,4,False
8,43.12350748566777,33.0,inglau4_stem,inglau,4,False
9,55.274424956398434,4.0,inglau4_stem,inglau,4,False
10,4.220418025462777,21.0,inglau4_stem,inglau,4,False
11,5.881087728779789,3.0,inglau4_stem,inglau,4,False
12,79.82826612663035,4.0,inglau4_stem,inglau,4,False
13,32.67624712242434,2.0,inglau4_stem,inglau,4,False
14,32.815141360878215,10.0,inglau4_stem,inglau,4,False
15,4.526085710423843,30.0,inglau4_stem,inglau,4,False
16,12.251834382830395,2.0,inglau4_stem,inglau,4,False
17,56.55323308270624,23.0,inglau4_stem,inglau,4,False
18,38.24827219363027,25.0,inglau4_stem,inglau,4,False
19,13.878715583543283,76.0,inglau4_stem,inglau,4,False
20,92.3826532741027,1086.0,inglau4_stem,inglau,4,False
21,59.69111085093246,145.0,inglau4_stem,inglau,4,False
22,17.931280202903565,544.0,inglau4_stem,inglau,4,False
23,46.202657507292,2.0,inglau4_stem,inglau,4,False
24,5.563254153861578,2.0,inglau4_stem,inglau,4,False
25,24.910157212556697,357.0,inglau4_stem,inglau,4,False
26,1.0333663488920877,15.0,inglau4_stem,inglau,4,False
27,36.12382025450577,315.0,inglau4_stem,inglau,4,False
28,95.80759709938846,219.0,inglau4_stem,inglau,4,False
29,28.714982009875797,437.0,inglau4_stem,inglau,4,False
30,26.364304812834263,159.0,inglau4_stem,inglau,4,False
31,31.2439442192601,263.0,inglau4_stem,inglau,4,False
32,2.3492375989215475,44.0,inglau4_stem,inglau,4,False
33,70.48641358641407,780.0,inglau4_stem,inglau,4,False
34,3.9109890109886862,391.0,inglau4_stem,inglau,4,False
1,17.12324172467072,2.0,inglau5_stem,inglau,5,False
2,63.53616109358842,17.0,inglau5_stem,inglau,5,False
3,27.837965258986515,82.0,inglau5_stem,inglau,5,False
4,43.32092195660445,25.0,inglau5_stem,inglau,5,False
5,22.173209511747615,111.0,inglau5_stem,inglau,5,False
6,142.9280358283487,105.0,inglau5_stem,inglau,5,True
1,34.71233303339693,140.0,micguy1_stem,micguy,1,False
2,5.5646035102225255,168.0,micguy1_stem,micguy,1,False
3,4.035115697310829,85.0,micguy1_stem,micguy,1,False
4,3.066666666666606,2.0,micguy1_stem,micguy,1,False
5,6.781222943722952,19.0,micguy1_stem,micguy,1,False
6,77.77358994678792,135.0,micguy1_stem,micguy,1,False
7,87.44532571102371,301.0,micguy1_stem,micguy,1,False
8,1.413569474004305,48.0,micguy1_stem,micguy,1,False
9,17.170932417546624,129.0,micguy1_stem,micguy,1,False
10,28.470669563500564,301.0,micguy1_stem,micguy,1,False
11,49.56814149222134,82.0,micguy1_stem,micguy,1,False
12,41.19583258445866,111.0,micguy1_stem,micguy,1,False
13,28.750518594945135,178.0,micguy1_stem,micguy,1,False
1,74.69692087361224,199.0,micguy2_stem,micguy,2,False
2,57.77021775719447,432.0,micguy2_stem,micguy,2,False
3,49.933345274094734,2.0,micguy2_stem,micguy,2,False
4,193.79595192658167,170.0,micguy2_stem,micguy,2,True
5,35.86456698202008,49.0,micguy2_stem,micguy,2,False
6,5.645127312693177,67.0,micguy2_stem,micguy,2,False
7,74.42989487762401,25.0,micguy2_stem,micguy,2,False
8,20.183014147906306,2.0,micguy2_stem,micguy,2,False
9,165.5677705071254,114.0,micguy2_stem,micguy,2,True
10,220.31510726947144,12.0,micguy2_stem,micguy,2,True
11,208.74732042772214,19.0,micguy2_stem,micguy,2,True
12,84.10913940496738,97.0,micguy2_stem,micguy,2,False
13,32.57505590134707,17.0,micguy2_stem,micguy,2,False
14,150.26930953139018,12.0,micguy2_stem,micguy,2,True
15,185.76848122212817,61.0,micguy2_stem,micguy,2,True
16,229.07639103684727,13.0,micguy2_stem,micguy,2,True
17,170.02574227409568,107.0,micguy2_stem,micguy,2,True
18,135.6742549353303,23.0,micguy2_stem,micguy,2,True
19,44.63978827260354,28.0,micguy2_stem,micguy,2,False
20,83.01132194813354,19.0,micguy2_stem,micguy,2,False
21,26.21088558656541,2.0,micguy2_stem,micguy,2,False
22,127.08913108835706,101.0,micguy2_stem,micguy,2,True
23,140.60687454493473,37.0,micguy2_stem,micguy,2,True
24,16.746147614592644,2.0,micguy2_stem,micguy,2,False
25,12.73868697569631,137.0,micguy2_stem,micguy,2,False
26,55.18349497277586,269.0,micguy2_stem,micguy,2,False
27,18.35348172848188,2.0,micguy2_stem,micguy,2,False
28,47.59237311767771,76.0,micguy2_stem,micguy,2,False
29,39.00149789101954,19.0,micguy2_stem,micguy,2,False
30,5.4103327995500194,2.0,micguy2_stem,micguy,2,False
31,20.22221915793233,23.0,micguy2_stem,micguy,2,False
32,19.525372311085277,305.0,micguy2_stem,micguy,2,False
33,13.107004964146824,317.0,micguy2_stem,micguy,2,False
34,64.75340136054336,2.0,micguy2_stem,micguy,2,False
35,33.16194968553418,21.0,micguy2_stem,micguy,2,False
36,63.627630973430314,2.0,micguy2_stem,micguy,2,False
37,54.01035987974524,5.0,micguy2_stem,micguy,2,False
38,81.00189837484788,46.0,micguy2_stem,micguy,2,False
39,71.73368388493657,2.0,micguy2_stem,micguy,2,False
40,106.11619132106722,4.0,micguy2_stem,micguy,2,True
41,37.527827788753655,2.0,micguy2_stem,micguy,2,False
1,0.26879962079514996,2.0,micguy3_stem,micguy,3,False
2,1.5977321403848634,3.0,micguy3_stem,micguy,3,False
3,3.4912136864945467,2.0,micguy3_stem,micguy,3,False
4,4.2182586527142405,2.0,micguy3_stem,micguy,3,False
5,17.30435755164754,21.0,micguy3_stem,micguy,3,False
6,0.5153564690523353,2.0,micguy3_stem,micguy,3,False
7,29.715639657898592,2.0,micguy3_stem,micguy,3,False
8,12.509323170783574,72.0,micguy3_stem,micguy,3,False
9,18.30707392075523,145.0,micguy3_stem,micguy,3,False
10,6.9388853935252826,96.0,micguy3_stem,micguy,3,False
11,13.247355811995476,440.0,micguy3_stem,micguy,3,False
12,76.77408147211531,679.0,micguy3_stem,micguy,3,False
13,65.20365026933104,22.0,micguy3_stem,micguy,3,False
14,21.37335381914025,31.0,micguy3_stem,micguy,3,False
15,5.259271822705202,2.0,micguy3_stem,micguy,3,False
16,56.598115609880395,30.0,micguy3_stem,micguy,3,False
17,1.3429599053270636,2.0,micguy3_stem,micguy,3,False
18,2.662093712700056,2.0,micguy3_stem,micguy,3,False
19,3.733597285063979,2.0,micguy3_stem,micguy,3,False
20,28.547941176470346,15.0,micguy3_stem,micguy,3,False
21,7.797611940297969,6.0,micguy3_stem,micguy,3,False
22,2.5748241489020245,2.0,micguy3_stem,micguy,3,False
23,55.35310686949842,150.0,micguy3_stem,micguy,3,False
24,57.324513487084744,311.0,micguy3_stem,micguy,3,False
25,5.103584586721269,4.0,micguy3_stem,micguy,3,False
26,0.9724657605311506,2.0,micguy3_stem,micguy,3,False
27,62.62268518518519,515.0,micguy3_stem,micguy,3,False
28,24.115057896225025,146.0,micguy3_stem,micguy,3,False
29,83.02076570728674,61.0,micguy3_stem,micguy,3,False
30,31.287498476142133,545.0,micguy3_stem,micguy,3,False
31,2.513292943592063,2.0,micguy3_stem,micguy,3,False
32,2.4273460082778797,9.0,micguy3_stem,micguy,3,False
33,63.15627179725638,17.0,micguy3_stem,micguy,3,False
34,2.864004044489235,2.0,micguy3_stem,micguy,3,False
35,4.26475849731689,2.0,micguy3_stem,micguy,3,False
36,3.358665430954346,4.0,micguy3_stem,micguy,3,False
37,0.5070451296711553,2.0,micguy3_stem,micguy,3,False
38,26.997550226992317,262.0,micguy3_stem,micguy,3,False
39,10.962103721696707,2.0,micguy3_stem,micguy,3,False
40,5.605539056067613,2.0,micguy3_stem,micguy,3,False
41,22.76388852135105,30.0,micguy3_stem,micguy,3,False
42,33.7449518165445,139.0,micguy3_stem,micguy,3,False
43,7.1312059879151946,21.0,micguy3_stem,micguy,3,False
44,23.070279720279842,285.0,micguy3_stem,micguy,3,False
45,0.32582417582429457,74.0,micguy3_stem,micguy,3,False
1,12.752875619555596,231.0,micguy3b_stem,micguy,4,False
2,10.48471768605799,54.0,micguy3b_stem,micguy,4,False
3,4.637803330549957,40.0,micguy3b_stem,micguy,4,False
4,15.821600631451929,11.0,micguy3b_stem,micguy,4,False
5,54.08957128039708,21.0,micguy3b_stem,micguy,4,False
6,20.812947218483487,16.0,micguy3b_stem,micguy,4,False
7,14.000863516631341,68.0,micguy3b_stem,micguy,4,False
8,23.58505876844606,2.0,micguy3b_stem,micguy,4,False
9,116.25144565906083,632.0,micguy3b_stem,micguy,4,True
10,133.77519707207242,32.0,micguy3b_stem,micguy,4,True
11,112.22671413023735,336.0,micguy3b_stem,micguy,4,True
12,42.293072809390026,57.0,micguy3b_stem,micguy,4,False
13,8.102891406382128,168.0,micguy3b_stem,micguy,4,False
14,34.194692350307776,2.0,micguy3b_stem,micguy,4,False
15,43.68091787896651,4.0,micguy3b_stem,micguy,4,False
16,27.373032672797706,651.0,micguy3b_stem,micguy,4,False
17,4.099449024063176,2.0,micguy3b_stem,micguy,4,False
18,10.853543788254399,51.0,micguy3b_stem,micguy,4,False
19,63.48439614465474,2.0,micguy3b_stem,micguy,4,False
20,65.33864748443489,967.0,micguy3b_stem,micguy,4,False
21,9.838772474089467,2.0,micguy3b_stem,micguy,4,False
22,7.837651900795095,174.0,micguy3b_stem,micguy,4,False
23,5.912820512820758,162.0,micguy3b_stem,micguy,4,False
24,8.719671632714267,262.0,micguy3b_stem,micguy,4,False
25,57.50905418502742,183.0,micguy3b_stem,micguy,4,False
26,19.178746275010212,138.0,micguy3b_stem,micguy,4,False
27,45.61468486029912,185.0,micguy3b_stem,micguy,4,False
28,5.9384648793781025,214.0,micguy3b_stem,micguy,4,False
1,148.9147404853224,4.0,micguy4_stem,micguy,5,True
2,37.88278528379374,29.0,micguy4_stem,micguy,5,False
3,133.76227469301983,43.0,micguy4_stem,micguy,5,True
4,85.74914965854379,63.0,micguy4_stem,micguy,5,False
5,11.53191589788446,9.0,micguy4_stem,micguy,5,False
6,82.69649544874142,4.0,micguy4_stem,micguy,5,False
7,9.486308771375775,5.0,micguy4_stem,micguy,5,False
8,123.36352044265993,37.0,micguy4_stem,micguy,5,True
9,63.440056099662115,45.0,micguy4_stem,micguy,5,False
10,108.46591962616208,42.0,micguy4_stem,micguy,5,True
11,41.63632462697592,56.0,micguy4_stem,micguy,5,False
12,82.14556197063996,2.0,micguy4_stem,micguy,5,False
13,106.10119427698737,7.0,micguy4_stem,micguy,5,True
14,81.83079771027724,2.0,micguy4_stem,micguy,5,False
15,11.090201838772487,7.0,micguy4_stem,micguy,5,False
16,20.107659838077325,21.0,micguy4_stem,micguy,5,False
17,30.697890279490082,2.0,micguy4_stem,micguy,5,False
18,107.31147284289267,16.0,micguy4_stem,micguy,5,True
19,111.00270874519254,2.0,micguy4_stem,micguy,5,True
20,16.9337837104689,19.0,micguy4_stem,micguy,5,False
21,14.017586132871827,3.0,micguy4_stem,micguy,5,False
22,34.94031468317837,37.0,micguy4_stem,micguy,5,False
23,49.56844788569026,2.0,micguy4_stem,micguy,5,False
24,20.425854691608606,26.0,micguy4_stem,micguy,5,False
25,10.866511976755305,2.0,micguy4_stem,micguy,5,False
26,59.31266448056664,7.0,micguy4_stem,micguy,5,False
27,78.00819399756239,2.0,micguy4_stem,micguy,5,False
28,76.65050382379633,8.0,micguy4_stem,micguy,5,False
29,139.96869902165662,9.0,micguy4_stem,micguy,5,True
30,62.88990501620276,2.0,micguy4_stem,micguy,5,False
31,34.49998543232323,2.0,micguy4_stem,micguy,5,False
32,137.415628358648,5.0,micguy4_stem,micguy,5,True
33,125.22024060055514,4.0,micguy4_stem,micguy,5,True
34,4.0270939805024,18.0,micguy4_stem,micguy,5,False
35,99.13012298576837,8.0,micguy4_stem,micguy,5,False
36,92.70024366429948,22.0,micguy4_stem,micguy,5,False
37,35.98657630843468,9.0,micguy4_stem,micguy,5,False
38,133.7117637574172,17.0,micguy4_stem,micguy,5,True
39,138.89667536561672,4.0,micguy4_stem,micguy,5,True
40,87.32530841129841,7.0,micguy4_stem,micguy,5,False
41,108.04448476778572,6.0,micguy4_stem,micguy,5,True
42,218.48074312920232,14.0,micguy4_stem,micguy,5,True
43,165.6533120999938,2.0,micguy4_stem,micguy,5,True
44,32.4539858877302,13.0,micguy4_stem,micguy,5,False
45,40.10130444876347,6.0,micguy4_stem,micguy,5,False
46,37.60406805573018,16.0,micguy4_stem,micguy,5,False
47,106.37888792288578,2.0,micguy4_stem,micguy,5,True
48,103.88856279176554,8.0,micguy4_stem,micguy,5,True
49,212.1016691226061,7.0,micguy4_stem,micguy,5,True
50,28.953064615870744,4.0,micguy4_stem,micguy,5,False
51,16.540463867833637,2.0,micguy4_stem,micguy,5,False
52,23.974876675219377,3.0,micguy4_stem,micguy,5,False
53,89.50139996112227,10.0,micguy4_stem,micguy,5,False
54,142.44054667419283,5.0,micguy4_stem,micguy,5,True
55,6.204248392538204,2.0,micguy4_stem,micguy,5,False
56,110.60718483069684,13.0,micguy4_stem,micguy,5,True
57,24.991799073303014,2.0,micguy4_stem,micguy,5,False
58,66.52739001055647,7.0,micguy4_stem,micguy,5,False
59,99.94743689068264,6.0,micguy4_stem,micguy,5,False
60,95.99110467641225,13.0,micguy4_stem,micguy,5,False
61,53.180228346567674,11.0,micguy4_stem,micguy,5,False
62,1.0967772851122959,9.0,micguy4_stem,micguy,5,False
63,45.089738163616175,2.0,micguy4_stem,micguy,5,False
64,38.36620931818135,31.0,micguy4_stem,micguy,5,False
65,0.29918687726990356,4.0,micguy4_stem,micguy,5,False
66,26.431056681063353,2.0,micguy4_stem,micguy,5,False
67,10.017494671567192,54.0,micguy4_stem,micguy,5,False
68,5.647216387615629,20.0,micguy4_stem,micguy,5,False
69,9.271588398789504,20.0,micguy4_stem,micguy,5,False
70,36.123556381996195,39.0,micguy4_stem,micguy,5,False
71,111.33441364765042,2.0,micguy4_stem,micguy,5,True
72,139.75314219221588,11.0,micguy4_stem,micguy,5,True
73,39.05424823055631,6.0,micguy4_stem,micguy,5,False
74,41.07576346024439,5.0,micguy4_stem,micguy,5,False
75,26.41824848205107,19.0,micguy4_stem,micguy,5,False
76,21.578015365206,13.0,micguy4_stem,micguy,5,False
77,104.1104269174744,2.0,micguy4_stem,micguy,5,True
78,9.426693067148335,3.0,micguy4_stem,micguy,5,False
79,84.19676816314023,10.0,micguy4_stem,micguy,5,False
80,71.7630860782944,5.0,micguy4_stem,micguy,5,False
81,107.89205725618194,19.0,micguy4_stem,micguy,5,True
82,88.43161699241932,48.0,micguy4_stem,micguy,5,False
83,27.98049000342388,29.0,micguy4_stem,micguy,5,False
84,29.550556142055882,69.0,micguy4_stem,micguy,5,False
85,8.68590198543211,37.0,micguy4_stem,micguy,5,False
86,20.920824749573853,46.0,micguy4_stem,micguy,5,False
87,158.1177836162683,270.0,micguy4_stem,micguy,5,True
88,18.304020902065133,67.0,micguy4_stem,micguy,5,False
89,46.78029055640724,2.0,micguy4_stem,micguy,5,False
90,49.15157129697474,392.0,micguy4_stem,micguy,5,False
91,68.01750404791869,176.0,micguy4_stem,micguy,5,False
92,15.370500958819207,119.0,micguy4_stem,micguy,5,False
1,11.075942915392119,2.0,micguy5_stem,micguy,6,False
2,29.578509647372584,560.0,micguy5_stem,micguy,6,False
3,90.76253742515038,95.0,micguy5_stem,micguy,6,False
4,85.88115641521063,70.0,micguy5_stem,micguy,6,False
5,5.647044804302027,2.0,micguy5_stem,micguy,6,False
6,39.07943727223213,46.0,micguy5_stem,micguy,6,False
7,6.336164740931167,124.0,micguy5_stem,micguy,6,False
8,2.1631794131792503,2.0,micguy5_stem,micguy,6,False
9,48.21228956228944,139.0,micguy5_stem,micguy,6,False
10,34.01038961038955,49.0,micguy5_stem,micguy,6,False
11,72.64767490573934,419.0,micguy5_stem,micguy,6,False
1,21.304424140993973,431.0,ocoleu1_stem,ocoleu,1,False
2,44.20725256332395,17.0,ocoleu1_stem,ocoleu,1,False
3,1.106262002471226,46.0,ocoleu1_stem,ocoleu,1,False
4,15.812727062061526,53.0,ocoleu1_stem,ocoleu,1,False
5,35.9033937056567,4.0,ocoleu1_stem,ocoleu,1,False
6,1.5273440639820421,2.0,ocoleu1_stem,ocoleu,1,False
7,23.719385180289947,2.0,ocoleu1_stem,ocoleu,1,False
8,28.012674046824003,2.0,ocoleu1_stem,ocoleu,1,False
9,22.68942432404421,21.0,ocoleu1_stem,ocoleu,1,False
10,4.556271193679692,2.0,ocoleu1_stem,ocoleu,1,False
11,0.3304236698970726,2.0,ocoleu1_stem,ocoleu,1,False
12,3.4143356643358516,3.0,ocoleu1_stem,ocoleu,1,False
13,27.15108074800912,8.0,ocoleu1_stem,ocoleu,1,False
14,0.42296685230490993,8.0,ocoleu1_stem,ocoleu,1,False
15,80.95519700462783,40.0,ocoleu1_stem,ocoleu,1,False
16,19.44431460251208,9.0,ocoleu1_stem,ocoleu,1,False
17,6.713097573428755,2.0,ocoleu1_stem,ocoleu,1,False
18,42.15786627163081,2.0,ocoleu1_stem,ocoleu,1,False
19,77.88777978297792,2.0,ocoleu1_stem,ocoleu,1,False
20,4.047058535660113,2.0,ocoleu1_stem,ocoleu,1,False
21,18.260722561119735,2.0,ocoleu1_stem,ocoleu,1,False
22,107.06328320801998,2.0,ocoleu1_stem,ocoleu,1,True
23,207.433346065699,2.0,ocoleu1_stem,ocoleu,1,True
24,148.27249818382182,3.0,ocoleu1_stem,ocoleu,1,True
25,84.14522564801324,2.0,ocoleu1_stem,ocoleu,1,False
26,51.55437569069258,2.0,ocoleu1_stem,ocoleu,1,False
27,6.499879401781328,2.0,ocoleu1_stem,ocoleu,1,False
28,43.85898356654312,141.0,ocoleu1_stem,ocoleu,1,False
29,18.48852178544641,2.0,ocoleu1_stem,ocoleu,1,False
30,17.731941275787335,12.0,ocoleu1_stem,ocoleu,1,False
31,1.231142398529272,3.0,ocoleu1_stem,ocoleu,1,False
32,55.25003752558746,138.0,ocoleu1_stem,ocoleu,1,False
33,30.08867504582784,7.0,ocoleu1_stem,ocoleu,1,False
34,67.68377302400634,130.0,ocoleu1_stem,ocoleu,1,False
35,41.64793264373307,4.0,ocoleu1_stem,ocoleu,1,False
36,21.344215880887475,143.0,ocoleu1_stem,ocoleu,1,False
37,8.143000222059356,2.0,ocoleu1_stem,ocoleu,1,False
38,38.748954493341785,9.0,ocoleu1_stem,ocoleu,1,False
39,49.753799885747895,21.0,ocoleu1_stem,ocoleu,1,False
40,35.75137689380206,2.0,ocoleu1_stem,ocoleu,1,False
41,19.79934310093664,2.0,ocoleu1_stem,ocoleu,1,False
42,53.36265178007733,63.0,ocoleu1_stem,ocoleu,1,False
43,25.096329699082986,2.0,ocoleu1_stem,ocoleu,1,False
44,29.87505017211113,13.0,ocoleu1_stem,ocoleu,1,False
45,1.9798822188452192,2.0,ocoleu1_stem,ocoleu,1,False
46,2.5193824870377455,2.0,ocoleu1_stem,ocoleu,1,False
47,45.45718972965264,4.0,ocoleu1_stem,ocoleu,1,False
48,1.363764442624074,2.0,ocoleu1_stem,ocoleu,1,False
49,26.317972133165796,143.0,ocoleu1_stem,ocoleu,1,False
50,22.598835611535122,2.0,ocoleu1_stem,ocoleu,1,False
51,16.638717456169275,2.0,ocoleu1_stem,ocoleu,1,False
52,60.46781836098239,202.0,ocoleu1_stem,ocoleu,1,False
53,22.536950146627305,9.0,ocoleu1_stem,ocoleu,1,False
54,1.2541019955649517,187.0,ocoleu1_stem,ocoleu,1,False
55,91.61103979460817,13.0,ocoleu1_stem,ocoleu,1,False
56,5.934210526315823,2.0,ocoleu1_stem,ocoleu,1,False
57,110.81779661016967,994.0,ocoleu1_stem,ocoleu,1,True
1,65.29649904716888,33.0,ocoleu2_stem,ocoleu,2,False
2,57.41102732024763,126.0,ocoleu2_stem,ocoleu,2,False
3,26.40408742947193,98.0,ocoleu2_stem,ocoleu,2,False
4,41.59320117851013,69.0,ocoleu2_stem,ocoleu,2,False
5,34.45879990233976,66.0,ocoleu2_stem,ocoleu,2,False
6,106.99210013504319,48.0,ocoleu2_stem,ocoleu,2,True
7,77.04391334414555,626.0,ocoleu2_stem,ocoleu,2,False
8,62.736787501650895,1018.0,ocoleu2_stem,ocoleu,2,False
9,240.62078768349687,939.0,ocoleu2_stem,ocoleu,2,True
10,121.33040088143255,211.0,ocoleu2_stem,ocoleu,2,True
11,40.811786246091884,78.0,ocoleu2_stem,ocoleu,2,False
12,47.74866341655883,607.0,ocoleu2_stem,ocoleu,2,False
13,60.81216228179676,54.0,ocoleu2_stem,ocoleu,2,False
14,193.48658521552602,68.0,ocoleu2_stem,ocoleu,2,True
15,42.10192647074007,2.0,ocoleu2_stem,ocoleu,2,False
16,167.45956413451069,2.0,ocoleu2_stem,ocoleu,2,True
17,91.74903518399748,2.0,ocoleu2_stem,ocoleu,2,False
18,57.93776747910704,3.0,ocoleu2_stem,ocoleu,2,False
19,114.66511698288537,2.0,ocoleu2_stem,ocoleu,2,True
20,83.95023875287342,2.0,ocoleu2_stem,ocoleu,2,False
21,108.59685054699383,2.0,ocoleu2_stem,ocoleu,2,True
22,104.67532531619918,2.0,ocoleu2_stem,ocoleu,2,True
23,403.3073817716921,2.0,ocoleu2_stem,ocoleu,2,True
24,508.0997991009508,3.0,ocoleu2_stem,ocoleu,2,True
25,464.97887997204083,2.0,ocoleu2_stem,ocoleu,2,True
26,113.10382261764966,2.0,ocoleu2_stem,ocoleu,2,True
27,405.7958221140568,2.0,ocoleu2_stem,ocoleu,2,True
28,297.6354704485072,2.0,ocoleu2_stem,ocoleu,2,True
29,269.71581997437846,2.0,ocoleu2_stem,ocoleu,2,True
30,262.64167037537953,3.0,ocoleu2_stem,ocoleu,2,True
31,84.37149877814505,2.0,ocoleu2_stem,ocoleu,2,False
32,81.3923421105248,2.0,ocoleu2_stem,ocoleu,2,False
33,53.42088533887858,2.0,ocoleu2_stem,ocoleu,2,False
34,360.6613560987778,2.0,ocoleu2_stem,ocoleu,2,True
35,419.7624840481312,3.0,ocoleu2_stem,ocoleu,2,True
36,73.32984647697344,2.0,ocoleu2_stem,ocoleu,2,False
1,45.01380964343602,34.0,slober3_stem,slober,1,False
2,158.7034070083974,2.0,slober3_stem,slober,1,True
3,52.31442157904566,13.0,slober3_stem,slober,1,False
4,82.69216081498874,4.0,slober3_stem,slober,1,False
5,23.698799478995113,21.0,slober3_stem,slober,1,False
6,9.886996260907097,15.0,slober3_stem,slober,1,False
7,33.2687042196342,6.0,slober3_stem,slober,1,False
8,8.902562479816112,2.0,slober3_stem,slober,1,False
9,6.327620484813394,2.0,slober3_stem,slober,1,False
10,86.73512995783028,2.0,slober3_stem,slober,1,False
11,117.0232281119722,2.0,slober3_stem,slober,1,True
12,35.02949291218795,5.0,slober3_stem,slober,1,False
13,5.6530061266629446,4.0,slober3_stem,slober,1,False
14,21.53058265904653,2.0,slober3_stem,slober,1,False
15,26.487099618758776,6.0,slober3_stem,slober,1,False
16,65.05526365262985,2.0,slober3_stem,slober,1,False
17,122.42622814689078,2.0,slober3_stem,slober,1,True
18,120.26029371910136,3.0,slober3_stem,slober,1,True
19,113.42993910917261,2.0,slober3_stem,slober,1,True
20,0.9029885057470608,2.0,slober3_stem,slober,1,False
21,6.577011494252872,2.0,slober3_stem,slober,1,False
22,10.00061162079541,2.0,slober3_stem,slober,1,False
23,18.733944954128646,2.0,slober3_stem,slober,1,False
24,79.55948522765641,2.0,slober3_stem,slober,1,False
25,82.73858970526808,9.0,slober3_stem,slober,1,False
26,42.81466939193032,10.0,slober3_stem,slober,1,False
27,34.77384993847335,2.0,slober3_stem,slober,1,False
28,9.182402671213765,4.0,slober3_stem,slober,1,False
29,4.675335040637208,2.0,slober3_stem,slober,1,False
30,4.565258608748508,3.0,slober3_stem,slober,1,False
31,0.7569746119138188,2.0,slober3_stem,slober,1,False
32,19.528066777483474,2.0,slober3_stem,slober,1,False
33,1.2302731292390092,2.0,slober3_stem,slober,1,False
34,27.99776208215647,2.0,slober3_stem,slober,1,False
35,0.22102022421501033,2.0,slober3_stem,slober,1,False
36,0.5272170697715524,2.0,slober3_stem,slober,1,False
37,24.94831721989152,2.0,slober3_stem,slober,1,False
38,10.625565897139836,2.0,slober3_stem,slober,1,False
39,21.86134453781517,2.0,slober3_stem,slober,1,False
40,1.5881302521005978,3.0,slober3_stem,slober,1,False
41,8.662575620085022,2.0,slober3_stem,slober,1,False
42,2.632036823432287,2.0,slober3_stem,slober,1,False
43,2.7800990534627488,2.0,slober3_stem,slober,1,False
44,9.156831750144988,2.0,slober3_stem,slober,1,False
45,10.967564895531979,2.0,slober3_stem,slober,1,False
46,9.575609218310376,2.0,slober3_stem,slober,1,False
47,12.119408385163638,2.0,slober3_stem,slober,1,False
48,106.6141085783834,2.0,slober3_stem,slober,1,True
49,84.29073917603486,2.0,slober3_stem,slober,1,False
50,14.836541782997415,3.0,slober3_stem,slober,1,False
51,24.42857142857156,2.0,slober3_stem,slober,1,False
52,72.63740901490274,2.0,slober3_stem,slober,1,False
53,84.69063768260676,2.0,slober3_stem,slober,1,False
54,152.68257568301675,2.0,slober3_stem,slober,1,True
55,15.79477467088509,2.0,slober3_stem,slober,1,False
56,17.350334584226772,4.0,slober3_stem,slober,1,False
57,16.760934581260784,2.0,slober3_stem,slober,1,False
58,14.42021793627967,2.0,slober3_stem,slober,1,False
59,1.0376916795205204,3.0,slober3_stem,slober,1,False
60,58.17888910909477,2.0,slober3_stem,slober,1,False
61,1.0429582705348253,2.0,slober3_stem,slober,1,False
62,22.266944923841777,2.0,slober3_stem,slober,1,False
63,40.04248457299511,2.0,slober3_stem,slober,1,False
64,18.479305307580518,2.0,slober3_stem,slober,1,False
65,9.3368588048655,2.0,slober3_stem,slober,1,False
66,68.98286290322585,4.0,slober3_stem,slober,1,False
67,66.40116869918708,3.0,slober3_stem,slober,1,False
68,86.72243800880563,2.0,slober3_stem,slober,1,False
69,83.8537219065044,2.0,slober3_stem,slober,1,False
70,5.775019121438135,2.0,slober3_stem,slober,1,False
71,16.48643788377649,8.0,slober3_stem,slober,1,False
72,11.866274510569042,2.0,slober3_stem,slober,1,False
73,56.775130884941916,2.0,slober3_stem,slober,1,False
74,75.10378403628661,3.0,slober3_stem,slober,1,False
75,5.421807249322342,2.0,slober3_stem,slober,1,False
76,7.581549690128526,2.0,slober3_stem,slober,1,False
77,5.768484848099348,2.0,slober3_stem,slober,1,False
78,19.032735695881854,2.0,slober3_stem,slober,1,False
79,7.784190115532596,2.0,slober3_stem,slober,1,False
80,55.026941060055066,2.0,slober3_stem,slober,1,False
81,21.62583000928589,2.0,slober3_stem,slober,1,False
82,11.428409964643237,2.0,slober3_stem,slober,1,False
83,4.971556943769883,2.0,slober3_stem,slober,1,False
84,4.871865602844679,3.0,slober3_stem,slober,1,False
85,4.21716423853988,2.0,slober3_stem,slober,1,False
86,13.719787060224064,2.0,slober3_stem,slober,1,False
87,1.1390495252570645,2.0,slober3_stem,slober,1,False
88,33.29029106179607,2.0,slober3_stem,slober,1,False
89,0.1421000463058988,2.0,slober3_stem,slober,1,False
90,11.991809518970655,2.0,slober3_stem,slober,1,False
91,27.716176539583614,2.0,slober3_stem,slober,1,False
92,7.429661548441743,2.0,slober3_stem,slober,1,False
93,7.695126942186022,2.0,slober3_stem,slober,1,False
94,2.6178430664164694,3.0,slober3_stem,slober,1,False
95,20.97489294788224,2.0,slober3_stem,slober,1,False
96,15.587590541780855,2.0,slober3_stem,slober,1,False
97,2.00636192540901,2.0,slober3_stem,slober,1,False
98,29.79060196650491,2.0,slober3_stem,slober,1,False
99,19.57186304679547,2.0,slober3_stem,slober,1,False
100,3.095334920289986,2.0,slober3_stem,slober,1,False
101,44.780062993917284,2.0,slober3_stem,slober,1,False
102,45.42859103291724,2.0,slober3_stem,slober,1,False
103,10.908448473404661,2.0,slober3_stem,slober,1,False
104,67.78906885368218,3.0,slober3_stem,slober,1,False
105,23.555760562226368,2.0,slober3_stem,slober,1,False
106,18.688011978179475,2.0,slober3_stem,slober,1,False
107,10.881793847177647,2.0,slober3_stem,slober,1,False
108,30.730515313566656,2.0,slober3_stem,slober,1,False
109,14.44510854209608,2.0,slober3_stem,slober,1,False
110,16.963685685904323,2.0,slober3_stem,slober,1,False
111,4.695648392664282,2.0,slober3_stem,slober,1,False
112,20.291887286712694,2.0,slober3_stem,slober,1,False
113,23.364028196456445,2.0,slober3_stem,slober,1,False
114,1.6762274982847032,3.0,slober3_stem,slober,1,False
115,1.3474619868752598,2.0,slober3_stem,slober,1,False
116,7.096084881633402,2.0,slober3_stem,slober,1,False
117,31.137447428451622,2.0,slober3_stem,slober,1,False
118,16.40514634765327,2.0,slober3_stem,slober,1,False
119,36.12630968951569,2.0,slober3_stem,slober,1,False
120,61.745022272218165,2.0,slober3_stem,slober,1,False
121,29.382587022306183,2.0,slober3_stem,slober,1,False
122,4.945558250191567,2.0,slober3_stem,slober,1,False
123,14.912070394074561,2.0,slober3_stem,slober,1,False
124,19.60588724366727,3.0,slober3_stem,slober,1,False
125,97.80617744137105,2.0,slober3_stem,slober,1,False
126,55.50126336705368,2.0,slober3_stem,slober,1,False
127,39.255494505494426,2.0,slober3_stem,slober,1,False
128,30.42658730158746,2.0,slober3_stem,slober,1,False
129,41.76096282951394,2.0,slober3_stem,slober,1,False
130,28.108544625365738,2.0,slober3_stem,slober,1,False
131,21.080516643828588,2.0,slober3_stem,slober,1,False
132,90.81934322986993,2.0,slober3_stem,slober,1,False
133,134.99761121662803,2.0,slober3_stem,slober,1,True
134,89.00046546105108,3.0,slober3_stem,slober,1,False
135,5.1200427416317495,2.0,slober3_stem,slober,1,False
136,42.27651701739168,2.0,slober3_stem,slober,1,False
137,26.591933434583723,2.0,slober3_stem,slober,1,False
138,8.79233143927621,2.0,slober3_stem,slober,1,False
139,50.0851565467467,2.0,slober3_stem,slober,1,False
140,12.970039700227858,2.0,slober3_stem,slober,1,False
141,75.61105913762978,2.0,slober3_stem,slober,1,False
142,50.25642405303381,2.0,slober3_stem,slober,1,False
143,39.996899526289965,2.0,slober3_stem,slober,1,False
144,35.129772472673565,3.0,slober3_stem,slober,1,False
145,19.49688077715203,2.0,slober3_stem,slober,1,False
146,28.137351502017196,2.0,slober3_stem,slober,1,False
147,5.831928514434537,2.0,slober3_stem,slober,1,False
148,4.928821032768241,2.0,slober3_stem,slober,1,False
149,21.909049969111635,2.0,slober3_stem,slober,1,False
150,26.254579096895014,2.0,slober3_stem,slober,1,False
151,15.450171065721605,2.0,slober3_stem,slober,1,False
152,30.452875606535088,2.0,slober3_stem,slober,1,False
153,13.12848217174485,2.0,slober3_stem,slober,1,False
154,10.438324431332006,3.0,slober3_stem,slober,1,False
155,23.22430908558036,2.0,slober3_stem,slober,1,False
156,94.1128526645769,2.0,slober3_stem,slober,1,False
157,75.32655411639885,2.0,slober3_stem,slober,1,False
158,37.557115917270764,2.0,slober3_stem,slober,1,False
159,57.673649820388604,2.0,slober3_stem,slober,1,False
160,17.2628207794277,2.0,slober3_stem,slober,1,False
161,25.43851918244448,2.0,slober3_stem,slober,1,False
162,40.43378423691453,2.0,slober3_stem,slober,1,False
163,18.172189699377697,3.0,slober3_stem,slober,1,False
164,57.141459705957146,2.0,slober3_stem,slober,1,False
165,30.17686230327098,2.0,slober3_stem,slober,1,False
166,44.80912968200067,2.0,slober3_stem,slober,1,False
167,55.06114906405077,2.0,slober3_stem,slober,1,False
168,4.9664059345520855,2.0,slober3_stem,slober,1,False
169,55.12620453746996,2.0,slober3_stem,slober,1,False
170,94.40653629316357,2.0,slober3_stem,slober,1,False
171,20.345736434108574,2.0,slober3_stem,slober,1,False
172,70.68890615732589,2.0,slober3_stem,slober,1,False
173,49.619902538819986,5.0,slober3_stem,slober,1,False
174,2.652030290878045,2.0,slober3_stem,slober,1,False
175,4.125883815229059,2.0,slober3_stem,slober,1,False
176,37.77806106701938,2.0,slober3_stem,slober,1,False
177,35.79695126772788,2.0,slober3_stem,slober,1,False
178,68.75355831037683,2.0,slober3_stem,slober,1,False
179,52.58451364072184,2.0,slober3_stem,slober,1,False
180,3.6717844148519703,2.0,slober3_stem,slober,1,False
181,17.263360912585966,2.0,slober3_stem,slober,1,False
182,21.520059183101495,3.0,slober3_stem,slober,1,False
183,40.40956556872011,2.0,slober3_stem,slober,1,False
184,3.791012448019572,2.0,slober3_stem,slober,1,False
185,12.628107272913468,2.0,slober3_stem,slober,1,False
186,13.540700165815437,2.0,slober3_stem,slober,1,False
187,16.050139723048673,2.0,slober3_stem,slober,1,False
188,17.891571923910305,2.0,slober3_stem,slober,1,False
189,22.890678310132472,2.0,slober3_stem,slober,1,False
190,14.566197835579985,2.0,slober3_stem,slober,1,False
191,12.94690419462033,2.0,slober3_stem,slober,1,False
192,36.242136143344055,3.0,slober3_stem,slober,1,False
193,69.2168442025705,2.0,slober3_stem,slober,1,False
194,34.644037633161346,2.0,slober3_stem,slober,1,False
195,25.8263404837046,2.0,slober3_stem,slober,1,False
196,36.078855220972,2.0,slober3_stem,slober,1,False
197,4.72111908505056,2.0,slober3_stem,slober,1,False
198,0.7808065655570999,2.0,slober3_stem,slober,1,False
199,15.215340555118402,2.0,slober3_stem,slober,1,False
200,41.32283856133269,2.0,slober3_stem,slober,1,False
201,13.598616589011272,2.0,slober3_stem,slober,1,False
202,29.26583018560524,3.0,slober3_stem,slober,1,False
203,32.809380570583244,4.0,slober3_stem,slober,1,False
204,133.9537389145941,2.0,slober3_stem,slober,1,True
205,162.32395382395356,2.0,slober3_stem,slober,1,True
206,8.351684322700564,2.0,slober3_stem,slober,1,False
207,1.6365435442043577,2.0,slober3_stem,slober,1,False
208,8.190142770410759,4.0,slober3_stem,slober,1,False
209,2.482654710501876,2.0,slober3_stem,slober,1,False
210,13.660636847428776,3.0,slober3_stem,slober,1,False
211,67.60180995475113,2.0,slober3_stem,slober,1,False
212,69.30515368309517,2.0,slober3_stem,slober,1,False
213,6.033203116267487,2.0,slober3_stem,slober,1,False
214,71.44416807714845,2.0,slober3_stem,slober,1,False
215,48.76009081915308,2.0,slober3_stem,slober,1,False
216,11.841374709392284,2.0,slober3_stem,slober,1,False
217,14.98205300988326,2.0,slober3_stem,slober,1,False
218,5.3964276535322995,2.0,slober3_stem,slober,1,False
219,5.390442410967637,3.0,slober3_stem,slober,1,False
220,11.929239095224418,2.0,slober3_stem,slober,1,False
221,1.6530635629853094,2.0,slober3_stem,slober,1,False
222,5.952118677214997,2.0,slober3_stem,slober,1,False
223,0.15836774074020354,2.0,slober3_stem,slober,1,False
224,4.040724222410063,2.0,slober3_stem,slober,1,False
225,2.861323970361127,2.0,slober3_stem,slober,1,False
226,5.135595656167496,2.0,slober3_stem,slober,1,False
227,9.841883608321623,2.0,slober3_stem,slober,1,False
228,11.034526961541474,2.0,slober3_stem,slober,1,False
229,21.205488055517264,3.0,slober3_stem,slober,1,False
230,3.291856639274542,2.0,slober3_stem,slober,1,False
231,11.541528289972192,2.0,slober3_stem,slober,1,False
232,42.44752535835539,2.0,slober3_stem,slober,1,False
233,38.17872884946283,2.0,slober3_stem,slober,1,False
234,0.7131013590132511,2.0,slober3_stem,slober,1,False
235,23.420252154177433,2.0,slober3_stem,slober,1,False
236,41.39851006191941,2.0,slober3_stem,slober,1,False
237,2.6778215592457855,2.0,slober3_stem,slober,1,False
238,22.561965298555975,2.0,slober3_stem,slober,1,False
239,41.43951059734627,3.0,slober3_stem,slober,1,False
240,1.500184343123749,2.0,slober3_stem,slober,1,False
241,14.421349878524268,4.0,slober3_stem,slober,1,False
242,14.589559050551571,2.0,slober3_stem,slober,1,False
243,1.2192397466150737,2.0,slober3_stem,slober,1,False
244,0.9999640004576236,2.0,slober3_stem,slober,1,False
245,14.138961038961185,2.0,slober3_stem,slober,1,False
246,16.253246753246998,4.0,slober3_stem,slober,1,False
247,13.522594694086251,3.0,slober3_stem,slober,1,False
248,0.5228179439316563,2.0,slober3_stem,slober,1,False
249,10.82547196869389,2.0,slober3_stem,slober,1,False
250,6.483184330675783,2.0,slober3_stem,slober,1,False
251,4.610288250966178,2.0,slober3_stem,slober,1,False
252,9.008175142300828,2.0,slober3_stem,slober,1,False
253,42.174585654563344,2.0,slober3_stem,slober,1,False
254,55.42432228923509,2.0,slober3_stem,slober,1,False
255,8.447522719554513,2.0,slober3_stem,slober,1,False
256,2.879226116625219,2.0,slober3_stem,slober,1,False
257,10.927978839028569,3.0,slober3_stem,slober,1,False
258,1.457008251052116,6.0,slober3_stem,slober,1,False
259,13.877794503642704,2.0,slober3_stem,slober,1,False
260,10.277801253864084,2.0,slober3_stem,slober,1,False
261,2.344114422406335,2.0,slober3_stem,slober,1,False
262,74.49660739832382,2.0,slober3_stem,slober,1,False
263,42.445622869491075,4.0,slober3_stem,slober,1,False
264,1.1138310390478239,3.0,slober3_stem,slober,1,False
265,0.8961798435483672,2.0,slober3_stem,slober,1,False
266,151.26710816777071,2.0,slober3_stem,slober,1,True
267,152.80877483443743,2.0,slober3_stem,slober,1,True
268,8.644813519813226,6.0,slober3_stem,slober,1,False
269,16.594939129861515,2.0,slober3_stem,slober,1,False
270,25.262457847206363,2.0,slober3_stem,slober,1,False
271,46.88014210828105,2.0,slober3_stem,slober,1,False
272,21.657910583045037,3.0,slober3_stem,slober,1,False
273,16.10407996900885,2.0,slober3_stem,slober,1,False
274,5.838684577624662,2.0,slober3_stem,slober,1,False
275,11.860401432539518,2.0,slober3_stem,slober,1,False
276,4.652592327802566,2.0,slober3_stem,slober,1,False
277,9.215676847662294,2.0,slober3_stem,slober,1,False
278,45.48962937794242,2.0,slober3_stem,slober,1,False
279,37.60936686781568,2.0,slober3_stem,slober,1,False
280,25.73975254827903,2.0,slober3_stem,slober,1,False
281,4.861471861472012,2.0,slober3_stem,slober,1,False
282,4.190801823545598,3.0,slober3_stem,slober,1,False
283,98.51786714461733,2.0,slober3_stem,slober,1,False
284,147.21148282097667,2.0,slober3_stem,slober,1,True
285,0.6669574531244393,2.0,slober3_stem,slober,1,False
286,81.57120379088346,2.0,slober3_stem,slober,1,False
287,81.53400824252081,2.0,slober3_stem,slober,1,False
288,93.89015151515135,2.0,slober3_stem,slober,1,False
289,47.870497427101185,2.0,slober3_stem,slober,1,False
290,38.92069575471689,2.0,slober3_stem,slober,1,False
291,4.988495879120833,3.0,slober3_stem,slober,1,False
292,36.50183150183149,6.0,slober3_stem,slober,1,False
293,31.605043975632142,2.0,slober3_stem,slober,1,False
294,7.834713436766705,2.0,slober3_stem,slober,1,False
295,3.031492171350635,2.0,slober3_stem,slober,1,False
296,5.711509324009199,2.0,slober3_stem,slober,1,False
297,40.692397346243524,2.0,slober3_stem,slober,1,False
298,36.64339670149822,2.0,slober3_stem,slober,1,False
299,19.518466834654504,3.0,slober3_stem,slober,1,False
300,34.4187589948055,2.0,slober3_stem,slober,1,False
301,59.58822523262184,2.0,slober3_stem,slober,1,False
302,81.27678571428581,2.0,slober3_stem,slober,1,False
303,8.781944444444264,6.0,slober3_stem,slober,1,False
304,0.40549450549433175,2.0,slober3_stem,slober,1,False
305,0.5353539397822118,2.0,slober3_stem,slober,1,False
306,9.246002634677794,2.0,slober3_stem,slober,1,False
307,7.4446932377968125,3.0,slober3_stem,slober,1,False
308,3.525710741500262,2.0,slober3_stem,slober,1,False
309,42.996906542332766,2.0,slober3_stem,slober,1,False
310,50.76864143512029,2.0,slober3_stem,slober,1,False
311,82.32304637999479,2.0,slober3_stem,slober,1,False
312,67.69266190817702,2.0,slober3_stem,slober,1,False
313,9.369499733089398,2.0,slober3_stem,slober,1,False
314,9.39964157706099,2.0,slober3_stem,slober,1,False
315,44.0624999999999,9.0,slober3_stem,slober,1,False
316,59.25986842105263,2.0,slober3_stem,slober,1,False
317,25.896352770037026,2.0,slober3_stem,slober,1,False
318,28.7133521650763,6.0,slober3_stem,slober,1,False
319,56.01436781609202,21.0,slober3_stem,slober,1,False
320,25.387681159420424,2.0,slober3_stem,slober,1,False
321,63.23930717568072,2.0,slober3_stem,slober,1,False
322,23.905407129619135,2.0,slober3_stem,slober,1,False
323,102.49188163072799,3.0,slober3_stem,slober,1,True
324,97.98034398034414,2.0,slober3_stem,slober,1,False
325,55.11692761264632,4.0,slober3_stem,slober,1,False
326,43.49684745274146,2.0,slober3_stem,slober,1,False
327,81.12125576036854,2.0,slober3_stem,slober,1,False
328,0.9732142857141071,2.0,slober3_stem,slober,1,False
329,99.45320197044373,13.0,slober3_stem,slober,1,False
330,68.08281497214975,2.0,slober3_stem,slober,1,False
331,110.69749103011029,6.0,slober3_stem,slober,1,True
332,145.51638791698718,2.0,slober3_stem,slober,1,True
333,3.4854846784989064,13.0,slober3_stem,slober,1,False
334,29.477585051114403,6.0,slober3_stem,slober,1,False
335,29.51188961406116,2.0,slober3_stem,slober,1,False
336,2.3083285088081453,2.0,slober3_stem,slober,1,False
337,77.36071023177834,15.0,slober3_stem,slober,1,False
338,83.08953558538234,2.0,slober3_stem,slober,1,False
339,5.90571300045012,2.0,slober3_stem,slober,1,False
340,35.51412568981141,2.0,slober3_stem,slober,1,False
341,47.1976164680393,2.0,slober3_stem,slober,1,False
342,5.038461538461505,5.0,slober3_stem,slober,1,False
343,63.88864915572228,33.0,slober3_stem,slober,1,False
344,22.21173913874435,2.0,slober3_stem,slober,1,False
345,62.509882435852234,13.0,slober3_stem,slober,1,False
346,100.10418375717812,27.0,slober3_stem,slober,1,True
347,139.19797382861987,80.0,slober3_stem,slober,1,True
348,3.5409273518586133,21.0,slober3_stem,slober,1,False
349,55.62258200168142,7.0,slober3_stem,slober,1,False
350,80.50376016260097,10.0,slober3_stem,slober,1,False
351,87.27432170542625,6.0,slober3_stem,slober,1,False
352,38.582276250881335,15.0,slober3_stem,slober,1,False
353,164.5448196248197,2.0,slober3_stem,slober,1,True
354,192.79189381499754,2.0,slober3_stem,slober,1,True
355,133.80919540229917,9.0,slober3_stem,slober,1,True
356,78.00606060606061,6.0,slober3_stem,slober,1,False
357,77.57612768910528,4.0,slober3_stem,slober,1,False
358,97.47601545565968,2.0,slober3_stem,slober,1,False
359,31.554433221099828,25.0,slober3_stem,slober,1,False
360,52.15584415584391,11.0,slober3_stem,slober,1,False
361,0.22007722007722919,4.0,slober3_stem,slober,1,False
362,22.070870870870493,28.0,slober3_stem,slober,1,False
363,50.59595959596007,16.0,slober3_stem,slober,1,False
364,22.638757801338187,23.0,slober3_stem,slober,1,False
365,22.245980715410838,3.0,slober3_stem,slober,1,False
366,0.5212530217563085,8.0,slober3_stem,slober,1,False
367,109.84011910549388,15.0,slober3_stem,slober,1,True
368,51.16209205525759,10.0,slober3_stem,slober,1,False
369,2.395889358432413,2.0,slober3_stem,slober,1,False
370,69.21389373908747,2.0,slober3_stem,slober,1,False
371,130.00127886857786,3.0,slober3_stem,slober,1,True
372,68.1365079365082,4.0,slober3_stem,slober,1,False
373,51.558558558558644,2.0,slober3_stem,slober,1,False
374,36.16596596596615,10.0,slober3_stem,slober,1,False
375,83.82808476926145,21.0,slober3_stem,slober,1,False
376,1.1196735153389952,2.0,slober3_stem,slober,1,False
377,0.3159919028343623,3.0,slober3_stem,slober,1,False
378,0.3900000000005974,2.0,slober3_stem,slober,1,False
379,0.37343488195023866,2.0,slober3_stem,slober,1,False
380,1.854847051869747,2.0,slober3_stem,slober,1,False
381,1.1415138308753114,2.0,slober3_stem,slober,1,False
382,1.3596961749687324,2.0,slober3_stem,slober,1,False
383,0.4009363187178252,2.0,slober3_stem,slober,1,False
384,0.6989276681060446,2.0,slober3_stem,slober,1,False
385,141.14148224082226,40.0,slober3_stem,slober,1,True
386,19.494059405940504,11.0,slober3_stem,slober,1,False
387,9.485786802031242,12.0,slober3_stem,slober,1,False
388,1.7906837862043687,2.0,slober3_stem,slober,1,False
389,9.744877726370703,19.0,slober3_stem,slober,1,False
390,33.359550561797136,15.0,slober3_stem,slober,1,False
391,74.75916617386233,13.0,slober3_stem,slober,1,False
392,0.08263157894688788,2.0,slober3_stem,slober,1,False
393,55.671148325359155,17.0,slober3_stem,slober,1,False
394,16.94558636851849,2.0,slober3_stem,slober,1,False
395,15.548647365923273,2.0,slober3_stem,slober,1,False
396,14.518287664969591,4.0,slober3_stem,slober,1,False
397,8.403669724770339,2.0,slober3_stem,slober,1,False
398,113.1946902654862,2.0,slober3_stem,slober,1,True
399,132.39789223592956,2.0,slober3_stem,slober,1,True
400,47.40909344291077,9.0,slober3_stem,slober,1,False
401,22.550719058674048,44.0,slober3_stem,slober,1,False
402,24.30047664659739,8.0,slober3_stem,slober,1,False
403,29.641263828763613,4.0,slober3_stem,slober,1,False
404,6.588655788655842,3.0,slober3_stem,slober,1,False
405,1.7680161943319206,4.0,slober3_stem,slober,1,False
406,71.61156015037609,17.0,slober3_stem,slober,1,False
407,90.56481092436972,16.0,slober3_stem,slober,1,False
408,18.184313725490313,21.0,slober3_stem,slober,1,False
409,23.732026143791273,28.0,slober3_stem,slober,1,False
410,68.0010683760685,2.0,slober3_stem,slober,1,False
411,66.96037481626507,6.0,slober3_stem,slober,1,False
412,20.53170663169911,15.0,slober3_stem,slober,1,False
413,116.22671411311703,2.0,slober3_stem,slober,1,True
414,74.84914315466312,13.0,slober3_stem,slober,1,False
415,29.69673712146195,4.0,slober3_stem,slober,1,False
416,0.7935954869776083,2.0,slober3_stem,slober,1,False
417,19.49719402985187,2.0,slober3_stem,slober,1,False
418,115.74552380952426,10.0,slober3_stem,slober,1,True
419,0.8023573785953602,3.0,slober3_stem,slober,1,False
420,5.898945864736959,10.0,slober3_stem,slober,1,False
421,8.829418183677404,2.0,slober3_stem,slober,1,False
422,7.977647624706378,11.0,slober3_stem,slober,1,False
423,104.90106951871675,4.0,slober3_stem,slober,1,True
424,103.77861715748949,61.0,slober3_stem,slober,1,True
425,18.337168775362784,12.0,slober3_stem,slober,1,False
426,8.320832777258772,15.0,slober3_stem,slober,1,False
427,76.48425196850431,2.0,slober3_stem,slober,1,False
428,80.58547008547004,9.0,slober3_stem,slober,1,False
429,33.16641612144605,42.0,slober3_stem,slober,1,False
430,4.279173011643053,2.0,slober3_stem,slober,1,False
431,3.8549644084436068,25.0,slober3_stem,slober,1,False
432,54.84386431659482,2.0,slober3_stem,slober,1,False
433,10.386328725038481,15.0,slober3_stem,slober,1,False
434,0.23280423280399987,2.0,slober3_stem,slober,1,False
435,92.08373590982268,13.0,slober3_stem,slober,1,False
436,4.959613985701026,79.0,slober3_stem,slober,1,False
437,1.8169687728741053,2.0,slober3_stem,slober,1,False
438,23.46319717847757,51.0,slober3_stem,slober,1,False
439,83.89119318181778,44.0,slober3_stem,slober,1,False
440,1.3195479384008024,2.0,slober3_stem,slober,1,False
1,123.54101291665063,197.0,tabhet1.2_stem,tabhet,1,True
2,89.0342580567584,4.0,tabhet1.2_stem,tabhet,1,False
3,9.178041883417905,111.0,tabhet1.2_stem,tabhet,1,False
4,153.08036853520434,9.0,tabhet1.2_stem,tabhet,1,True
5,168.54498538742519,77.0,tabhet1.2_stem,tabhet,1,True
6,2.6361004395242844,15.0,tabhet1.2_stem,tabhet,1,False
7,203.48319959441477,181.0,tabhet1.2_stem,tabhet,1,True
8,13.06528128084426,54.0,tabhet1.2_stem,tabhet,1,False
9,0.7257985257984672,4.0,tabhet1.2_stem,tabhet,1,False
10,111.91659763031905,200.0,tabhet1.2_stem,tabhet,1,True
11,46.17500884555861,8.0,tabhet1.2_stem,tabhet,1,False
12,56.831138089937554,13.0,tabhet1.2_stem,tabhet,1,False
13,34.32297980726446,8.0,tabhet1.2_stem,tabhet,1,False
14,13.740211994701582,59.0,tabhet1.2_stem,tabhet,1,False
15,162.8664422043725,105.0,tabhet1.2_stem,tabhet,1,True
16,0.3106643012024648,21.0,tabhet1.2_stem,tabhet,1,False
17,162.2300753319713,15.0,tabhet1.2_stem,tabhet,1,True
18,17.96631477821714,42.0,tabhet1.2_stem,tabhet,1,False
19,52.04195549388439,72.0,tabhet1.2_stem,tabhet,1,False
20,4.731508301034381,8.0,tabhet1.2_stem,tabhet,1,False
21,116.96534725043986,124.0,tabhet1.2_stem,tabhet,1,True
22,153.05121483593018,19.0,tabhet1.2_stem,tabhet,1,True
23,150.36464224795765,21.0,tabhet1.2_stem,tabhet,1,True
24,0.41199200532985003,2.0,tabhet1.2_stem,tabhet,1,False
25,0.6442105263158453,5.0,tabhet1.2_stem,tabhet,1,False
26,7.318091973724776,92.0,tabhet1.2_stem,tabhet,1,False
27,99.5437917455104,49.0,tabhet1.2_stem,tabhet,1,False
28,4.293807291158345,2.0,tabhet1.2_stem,tabhet,1,False
29,2.4524209973652944,2.0,tabhet1.2_stem,tabhet,1,False
30,0.40785882054180433,2.0,tabhet1.2_stem,tabhet,1,False
31,0.534463276836334,2.0,tabhet1.2_stem,tabhet,1,False
32,71.76939290672735,46.0,tabhet1.2_stem,tabhet,1,False
33,185.61522624006062,5.0,tabhet1.2_stem,tabhet,1,True
34,196.70416666666665,35.0,tabhet1.2_stem,tabhet,1,True
35,62.46184210526309,3.0,tabhet1.2_stem,tabhet,1,False
36,76.31368971208497,54.0,tabhet1.2_stem,tabhet,1,False
37,137.75570939544008,13.0,tabhet1.2_stem,tabhet,1,True
38,93.04123398492371,46.0,tabhet1.2_stem,tabhet,1,False
39,31.163959497892677,2.0,tabhet1.2_stem,tabhet,1,False
40,72.59556943737593,66.0,tabhet1.2_stem,tabhet,1,False
41,1.9433534020296293,2.0,tabhet1.2_stem,tabhet,1,False
42,42.493191050033914,46.0,tabhet1.2_stem,tabhet,1,False
43,157.8534974180921,8.0,tabhet1.2_stem,tabhet,1,True
44,107.711016999324,91.0,tabhet1.2_stem,tabhet,1,True
45,84.46193100772543,13.0,tabhet1.2_stem,tabhet,1,False
46,24.950710668532864,21.0,tabhet1.2_stem,tabhet,1,False
47,4.163159282442862,2.0,tabhet1.2_stem,tabhet,1,False
48,16.754294151550496,6.0,tabhet1.2_stem,tabhet,1,False
49,31.08704608322188,40.0,tabhet1.2_stem,tabhet,1,False
50,42.887811354577195,8.0,tabhet1.2_stem,tabhet,1,False
51,11.07320862043602,218.0,tabhet1.2_stem,tabhet,1,False
52,138.27870658335368,12.0,tabhet1.2_stem,tabhet,1,True
53,31.908031663051048,167.0,tabhet1.2_stem,tabhet,1,False
54,165.76308054916328,84.0,tabhet1.2_stem,tabhet,1,True
55,15.45341201779297,15.0,tabhet1.2_stem,tabhet,1,False
56,13.284844491029617,33.0,tabhet1.2_stem,tabhet,1,False
57,6.002612576724459,66.0,tabhet1.2_stem,tabhet,1,False
58,12.21788790357158,40.0,tabhet1.2_stem,tabhet,1,False
59,2.5979217883569845,2.0,tabhet1.2_stem,tabhet,1,False
60,192.6986222473181,2.0,tabhet1.2_stem,tabhet,1,True
61,197.38190638574326,217.0,tabhet1.2_stem,tabhet,1,True
62,54.79554818869465,59.0,tabhet1.2_stem,tabhet,1,False
63,160.91885997894457,64.0,tabhet1.2_stem,tabhet,1,True
64,6.466187501935082,42.0,tabhet1.2_stem,tabhet,1,False
65,3.642191394515777,19.0,tabhet1.2_stem,tabhet,1,False
66,24.51052517389887,44.0,tabhet1.2_stem,tabhet,1,False
67,26.914421612125267,61.0,tabhet1.2_stem,tabhet,1,False
68,182.80193236714913,4.0,tabhet1.2_stem,tabhet,1,True
69,226.18663117420797,87.0,tabhet1.2_stem,tabhet,1,True
70,45.446402803545716,78.0,tabhet1.2_stem,tabhet,1,False
71,1.3561288561287625,2.0,tabhet1.2_stem,tabhet,1,False
72,3.6069227121860052,131.0,tabhet1.2_stem,tabhet,1,False
73,153.1612838915471,97.0,tabhet1.2_stem,tabhet,1,True
74,75.47558027079282,76.0,tabhet1.2_stem,tabhet,1,False
75,76.54012828535734,7.0,tabhet1.2_stem,tabhet,1,False
